,lasso,SVR,RandomForest,XGBoost
MAE,{3050.060076455371},{4606.877798433752},{3206.8590624052927},{4642.587041926914}
Var_of_y_pred,{64076123.50326244},{6.24834409806083e-05},{101185404.13523766},{55996720.0}
