,lasso,SVR,RandomForest,XGBoost
MAE,{5870.478969713074},{8995.872856299793},{6358.9129885437505},{6473.135084757488}
Var_of_y_pred,{248213388.59764495},{0.0030888548251111884},{271343478.4364396},{449060300.0}
