,lasso,SVR,RandomForest,XGBoost
mean,[6154.731824229339],[11758.282019790871],[7305.513661496731],[7328.196306859082]
var,[11111706.914191572],[17965198.17551277],[21332090.855297185],[15974421.411113089]
