{"GraphConv": {"scaffold_843": {"valid_mae": [0.41721818491489127, 0.4486479222352982, 0.4541200172639105, 0.3927897945484671, 0.4426181048535419, 0.3677579885450753, 0.415535097247, 0.37964086408603753, 0.44935297482321757, 0.36485372904164415]}, "scaffold_824": {"valid_mae": [0.4483970850564948, 0.3121909421967518, 0.37678727141122503, 0.3645291718101948, 0.41868209151822855, 0.3803983568906755, 0.39904817374806517, 0.6290127105958409, 0.5106987157835541, 0.3944840351206223]}, "scaffold_145": {"valid_mae": [0.2946277817589463, 0.5937882109236885, 0.33088081716725387, 0.7132018631705954, 0.23963777560797933, 0.24219472909550818, 0.6622581457294708, 0.12593296419470298, 0.3849666670474502, 0.15822729259718712]}}}