{"Random": {"ECFP": {"scaffold_800": {"valid_mae": [0.8356275954758352, 1.0914242897662063, 0.8349160728751549, 0.8261471503788774, 1.0249112709001384, 1.030319653197727, 0.8829563293248215, 0.9060100014358404, 0.9268891305451827, 0.8446546437278443]}, "scaffold_100": {"valid_mae": [1.3791549026589702, 1.5310968509193057, 1.0609652613536589, 0.792532735054651, 2.063810253546916, 1.6688069327719, 1.4458478389165856, 1.0048528266170433, 0.4871690818100042, 1.5471051636086295]}, "scaffold_200": {"valid_mae": [1.4269482368916444, 0.811590375136263, 1.8206135101067769, 1.230080522397422, 0.8573731167403885, 0.9217066932261939, 1.2874274859475645, 0.9954120476109705, 0.9850778150099103, 1.005528322429215]}, "scaffold_400": {"valid_mae": [1.3386930896716103, 0.9986203661002943, 1.0202745529842523, 1.006817955356058, 1.4090903857252985, 0.9456787951940019, 1.0454461768744758, 1.0847408195335908, 0.9649754578394674, 1.1425351049866193]}}, "Weave": {"scaffold_800": {"valid_mae": [0.7397322426360935, 0.8684611588878507, 0.8305564643567344, 0.7667568930088796, 1.0170188077073956, 0.7214273619075161, 0.7502773846448102, 0.9950074385991166, 0.9131093734761923, 0.9071674265135693]}, "scaffold_100": {"valid_mae": [1.637828922813366, 1.283457673073729, 0.9355074099526479, 1.308187576143197, 1.3099918582033543, 1.0805434371429539, 1.4785163351925565, 1.0527857687936106, 2.038389906657537, 1.8382448179946196]}, "scaffold_200": {"valid_mae": [1.222198149576209, 1.1348383192939397, 1.2050923286296862, 1.2514221856949157, 0.9830505068304236, 1.7273416117544957, 0.9443011833432973, 1.1546623272456313, 0.9288310977981578, 0.8849753620623326]}, "scaffold_400": {"valid_mae": [0.9914603829161244, 1.0647105859088637, 1.10117445134494, 0.7364035521904427, 0.6650470487473626, 0.7955353972353563, 1.0537407691833995, 1.1600640465660441, 0.933173331337261, 1.0137519401908608]}}, "GraphConv": {"scaffold_800": {"valid_mae": [0.6463838507903544, 0.7329162668117084, 0.9003279042811922, 0.5932880832730246, 0.6763329692422603, 0.714517697975697, 0.6721286516923989, 0.6644462593937154, 0.6635592731343919, 0.7304233059702432]}, "scaffold_100": {"valid_mae": [1.372639748260592, 1.9703151640686727, 1.035402413025631, 1.664410326761928, 1.205883591384189, 2.012871754386721, 1.2066143052539922, 1.4412695629158496, 1.111552276440126, 1.3725701161253432]}, "scaffold_200": {"valid_mae": [1.9328341723571563, 1.1061680849069575, 1.3514076093687994, 0.9415407621584588, 1.1644066672682636, 1.3059702368752457, 0.9088398136089451, 1.222419826630515, 0.8978975814420842, 1.6447016930910792]}, "scaffold_400": {"valid_mae": [0.999133269007945, 0.7168898885481856, 0.9949451229353616, 0.7207100204590995, 0.7819058741930116, 0.9928425141521954, 0.8357510983522334, 0.8868178194397245, 0.7121053809055411, 0.8388428884731809]}}}}