{
    "Butina": {
        "GraphConv": {
            "scaffold_1160": {
                "valid_mae": [
                    0.5697206628266571,
                    0.6487634952885011,
                    0.6230023470166678,
                    0.48735158650162014,
                    0.5679396699147069,
                    0.5220051747028801,
                    0.6361418312399935,
                    0.507244458482403,
                    0.5859141829116173,
                    0.4305064055765603
                ]
            },
            "scaffold_382": {
                "valid_mae": [
                    0.3430748479260715,
                    0.48769123581455925,
                    0.6125396914818869,
                    0.3607101710808096,
                    0.4011851361512233,
                    0.4125600978264539,
                    0.5118506379651475,
                    0.5691768831574824,
                    0.3285914746625726,
                    0.4107878010195958
                ]
            },
            "scaffold_266": {
                "valid_mae": [
                    0.5308168109651304,
                    0.5400071051585824,
                    0.623361933834081,
                    0.5400772022568279,
                    0.667518553382787,
                    0.5173314069343687,
                    0.547869658824946,
                    0.4782986260148671,
                    0.718525128542811,
                    0.8987043830000685
                ]
            },
            "scaffold_124": {
                "valid_mae": [
                    0.5464520122824826,
                    0.7104291400385607,
                    0.6879746905267682,
                    0.6417875233052751,
                    1.2419687734131084,
                    0.8917604210653759,
                    0.5687548009292289,
                    1.2888638303706492,
                    0.6478843001484967,
                    0.38787857899805217
                ]
            },
            "scaffold_123": {
                "valid_mae": [
                    0.853267834540866,
                    0.7305204717341964,
                    0.7385764670853195,
                    0.6316984256662227,
                    0.8619181972892139,
                    0.8463039008782034,
                    0.6583677107373342,
                    0.47636604387745013,
                    0.685645598677245,
                    0.38902102725844645
                ]
            }
        },
        "Weave": {
            "scaffold_1160": {
                "valid_mae": [
                    0.7612449627548077,
                    0.6255147964987949,
                    0.7756626494161353,
                    0.5907928401936762,
                    0.5870983738638613,
                    0.6913888762653116,
                    0.6197585210103843,
                    0.648562864650213,
                    0.7072319896906203,
                    0.6815682524332923
                ]
            },
            "scaffold_382": {
                "valid_mae": [
                    0.27592611671600603,
                    0.5811110352783411,
                    0.42463097129048305,
                    0.5457514258475588,
                    0.3757255787270086,
                    0.4222251710546852,
                    0.2993660467845722,
                    0.44506071070578856,
                    0.5048649924319631,
                    0.4698585849487412
                ]
            },
            "scaffold_266": {
                "valid_mae": [
                    0.5845565451797174,
                    0.5417358995855169,
                    0.8045644116805829,
                    0.9992182868762493,
                    0.43134929943687805,
                    0.37341988030977086,
                    0.7460433604188629,
                    0.5491811891568753,
                    1.293924916470604,
                    0.8023602078308678
                ]
            },
            "scaffold_124": {
                "valid_mae": [
                    1.0356820551730503,
                    0.9129260992218557,
                    0.9189496108861928,
                    0.8253523728113098,
                    1.0596074350407505,
                    1.6689676209472861,
                    1.0862517239634868,
                    1.1756137349776168,
                    0.8232713127203118,
                    0.6321025894816649
                ]
            },
            "scaffold_123": {
                "valid_mae": [
                    0.7524903824330745,
                    0.5929247334521744,
                    0.6845756600093186,
                    0.428624718101916,
                    1.1049716525184914,
                    0.8735052737607522,
                    0.41538910827311887,
                    1.1353067707854203,
                    0.6131697973739848,
                    0.8738646261087066
                ]
            }
        },
        "ECFP": {
            "scaffold_1160": {
                "valid_mae": [
                    0.622445707692222,
                    0.6560501750784685,
                    0.6877139241971657,
                    0.7234225311299225,
                    0.8465288404366531,
                    0.6972938073347769,
                    0.6397878863783089,
                    0.7227657782868797,
                    0.7530813462207167,
                    0.6651269570625
                ]
            },
            "scaffold_382": {
                "valid_mae": [
                    0.5724498006021621,
                    0.4542023897580901,
                    0.5400149978267844,
                    0.7404755251587961,
                    0.6274279649197055,
                    0.6204718562227212,
                    0.5819731419447882,
                    0.7032395720029637,
                    0.616982044506058,
                    0.5978812686543566
                ]
            },
            "scaffold_266": {
                "valid_mae": [
                    0.983887362116773,
                    1.0639213873533437,
                    0.6692076770682996,
                    0.9802327792483213,
                    1.1400903054255591,
                    0.9424877869616334,
                    1.1912582742770643,
                    0.9414825155578048,
                    1.0807201654286278,
                    0.8423285985109671
                ]
            },
            "scaffold_124": {
                "valid_mae": [
                    1.136082509139803,
                    0.9840936446685745,
                    0.8461453548638987,
                    0.665380547054902,
                    1.3570760009311347,
                    0.6552938778130454,
                    0.6997792477705147,
                    0.4879502768717259,
                    1.0532688164616197,
                    0.6028183007550977
                ]
            },
            "scaffold_123": {
                "valid_mae": [
                    0.8061445444548926,
                    0.6503569229941414,
                    0.762225520006082,
                    0.5876266692810032,
                    0.5992200843912726,
                    0.9765839800116364,
                    0.7323692529597183,
                    0.6288851759106062,
                    1.0349148927657548,
                    1.1721830624840175
                ]
            }
        }
    },