{"Random": {"ECFP": {"scaffold_800": {"fold_0": {"train score": {"mae_score": 0.6289649620303167}, "valid score": {"mae_score": 0.8683103127934032}}, "fold_1": {"train score": {"mae_score": 0.7496746102388424}, "valid score": {"mae_score": 1.1097863855475054}}, "fold_2": {"train score": {"mae_score": 0.5223408149940675}, "valid score": {"mae_score": 0.9537531403810497}}, "fold_3": {"train score": {"mae_score": 0.56017342219033}, "valid score": {"mae_score": 0.9394352533362316}}, "fold_4": {"train score": {"mae_score": 0.5374990224995458}, "valid score": {"mae_score": 0.831919985391238}}, "fold_5": {"train score": {"mae_score": 0.5890179631066128}, "valid score": {"mae_score": 1.0088234377137058}}, "fold_6": {"train score": {"mae_score": 0.5271526989156936}, "valid score": {"mae_score": 0.7879261514275904}}, "fold_7": {"train score": {"mae_score": 0.7700741127199804}, "valid score": {"mae_score": 1.0525992443806973}}, "fold_8": {"train score": {"mae_score": 0.5562798789725587}, "valid score": {"mae_score": 1.1269478236183716}}, "fold_9": {"train score": {"mae_score": 0.5316833429726442}, "valid score": {"mae_score": 1.0648125234784622}}}, "scaffold_100": {"fold_0": {"train score": {"mae_score": 0.5966331055284714}, "valid score": {"mae_score": 0.8586733824240568}}, "fold_1": {"train score": {"mae_score": 0.5529669724396862}, "valid score": {"mae_score": 1.193959888644375}}, "fold_2": {"train score": {"mae_score": 0.713184250931785}, "valid score": {"mae_score": 1.0263941429868237}}, "fold_3": {"train score": {"mae_score": 0.7019265772310067}, "valid score": {"mae_score": 1.3609413442346954}}, "fold_4": {"train score": {"mae_score": 0.7279271359710775}, "valid score": {"mae_score": 1.477868347376131}}, "fold_5": {"train score": {"mae_score": 0.6205346112066208}, "valid score": {"mae_score": 1.2556692018363855}}, "fold_6": {"train score": {"mae_score": 0.9263288595733861}, "valid score": {"mae_score": 1.3398177526648385}}, "fold_7": {"train score": {"mae_score": 0.7895599907838096}, "valid score": {"mae_score": 1.31317104491248}}, "fold_8": {"train score": {"mae_score": 0.6662291606892338}, "valid score": {"mae_score": 1.0125761073205708}}, "fold_9": {"train score": {"mae_score": 0.6357510612646087}, "valid score": {"mae_score": 0.9938113358859042}}}, "scaffold_200": {"fold_0": {"train score": {"mae_score": 0.6209548095614726}, "valid score": {"mae_score": 1.3419581537906127}}, "fold_1": {"train score": {"mae_score": 0.6219197302301305}, "valid score": {"mae_score": 1.1239195788194016}}, "fold_2": {"train score": {"mae_score": 0.6599837021913812}, "valid score": {"mae_score": 1.7347281233603336}}, "fold_3": {"train score": {"mae_score": 0.5950335578455997}, "valid score": {"mae_score": 1.2865331680527203}}, "fold_4": {"train score": {"mae_score": 0.5922080631971022}, "valid score": {"mae_score": 1.2585734320375315}}, "fold_5": {"train score": {"mae_score": 0.5994767822730147}, "valid score": {"mae_score": 1.3958184504573106}}, "fold_6": {"train score": {"mae_score": 0.7051715315030574}, "valid score": {"mae_score": 0.9648449576852725}}, "fold_7": {"train score": {"mae_score": 0.5396986970990165}, "valid score": {"mae_score": 1.4609771160875682}}, "fold_8": {"train score": {"mae_score": 0.5849211604383421}, "valid score": {"mae_score": 1.1050881544366729}}, "fold_9": {"train score": {"mae_score": 0.6110085071249545}, "valid score": {"mae_score": 1.257602865441351}}}, "scaffold_400": {"fold_0": {"train score": {"mae_score": 0.6181018708093413}, "valid score": {"mae_score": 0.796546470849183}}, "fold_1": {"train score": {"mae_score": 0.5365216801867552}, "valid score": {"mae_score": 0.7964205508646609}}, "fold_2": {"train score": {"mae_score": 0.5059190654803603}, "valid score": {"mae_score": 0.9698931945598996}}, "fold_3": {"train score": {"mae_score": 0.5291708275813818}, "valid score": {"mae_score": 1.0893175527118923}}, "fold_4": {"train score": {"mae_score": 0.49565825350865816}, "valid score": {"mae_score": 0.8564452985782314}}, "fold_5": {"train score": {"mae_score": 0.8133507086260944}, "valid score": {"mae_score": 1.3066614857667849}}, "fold_6": {"train score": {"mae_score": 0.5432407603385271}, "valid score": {"mae_score": 1.0000243632032801}}, "fold_7": {"train score": {"mae_score": 0.567308958503715}, "valid score": {"mae_score": 0.835760376119911}}, "fold_8": {"train score": {"mae_score": 0.6128560447448019}, "valid score": {"mae_score": 1.2752390402601037}}, "fold_9": {"train score": {"mae_score": 0.5440009675940072}, "valid score": {"mae_score": 1.189744538370977}}}}, "Weave": {"scaffold_800": {"fold_0": {"train score": {"mae_score": 0.9364370822532329}, "valid score": {"mae_score": 0.9047353849951749}}, "fold_1": {"train score": {"mae_score": 0.9831323036215737}, "valid score": {"mae_score": 1.0706132850548884}}, "fold_2": {"train score": {"mae_score": 0.8049481686663505}, "valid score": {"mae_score": 1.1397475247785662}}, "fold_3": {"train score": {"mae_score": 0.8123263264065127}, "valid score": {"mae_score": 0.9967954839013305}}, "fold_4": {"train score": {"mae_score": 0.6374552623204034}, "valid score": {"mae_score": 0.777011269005029}}, "fold_5": {"train score": {"mae_score": 0.6960577157925777}, "valid score": {"mae_score": 0.8404855497085757}}, "fold_6": {"train score": {"mae_score": 1.1164202871147297}, "valid score": {"mae_score": 1.1421315531921457}}, "fold_7": {"train score": {"mae_score": 0.8519501969134772}, "valid score": {"mae_score": 0.8461674518002884}}, "fold_8": {"train score": {"mae_score": 0.6612727308405651}, "valid score": {"mae_score": 0.8462632675013062}}, "fold_9": {"train score": {"mae_score": 0.7149545852215475}, "valid score": {"mae_score": 0.8471058394654893}}}, "scaffold_100": {"fold_0": {"train score": {"mae_score": 0.9968327751833286}, "valid score": {"mae_score": 1.4859805031196889}}, "fold_1": {"train score": {"mae_score": 0.9732892160857775}, "valid score": {"mae_score": 1.7615840581527842}}, "fold_2": {"train score": {"mae_score": 1.2786007851004224}, "valid score": {"mae_score": 1.0457802905437201}}, "fold_3": {"train score": {"mae_score": 0.7007323476138207}, "valid score": {"mae_score": 0.8241327016322048}}, "fold_4": {"train score": {"mae_score": 1.2147744685250543}, "valid score": {"mae_score": 1.6391825846740093}}, "fold_5": {"train score": {"mae_score": 1.3034539233770284}, "valid score": {"mae_score": 1.4750368467746617}}, "fold_6": {"train score": {"mae_score": 1.0371377804490047}, "valid score": {"mae_score": 1.458546256191306}}, "fold_7": {"train score": {"mae_score": 1.2351421364224793}, "valid score": {"mae_score": 1.227284188202407}}, "fold_8": {"train score": {"mae_score": 0.9393208563105095}, "valid score": {"mae_score": 1.2030231057746128}}, "fold_9": {"train score": {"mae_score": 1.2942932157054143}, "valid score": {"mae_score": 1.2685522290919962}}}, "scaffold_200": {"fold_0": {"train score": {"mae_score": 0.9464500038277354}, "valid score": {"mae_score": 1.1355527886674384}}, "fold_1": {"train score": {"mae_score": 0.8837373706456444}, "valid score": {"mae_score": 1.156089033614099}}, "fold_2": {"train score": {"mae_score": 1.373112836457611}, "valid score": {"mae_score": 1.4917854171168705}}, "fold_3": {"train score": {"mae_score": 0.8528059207238061}, "valid score": {"mae_score": 1.0101115983910736}}, "fold_4": {"train score": {"mae_score": 0.762432787529871}, "valid score": {"mae_score": 0.9336878669034816}}, "fold_5": {"train score": {"mae_score": 0.8516091561356234}, "valid score": {"mae_score": 0.9618377010401723}}, "fold_6": {"train score": {"mae_score": 0.8287581019242235}, "valid score": {"mae_score": 1.1359228346786134}}, "fold_7": {"train score": {"mae_score": 0.9947625935990977}, "valid score": {"mae_score": 1.2142293325254079}}, "fold_8": {"train score": {"mae_score": 0.8968522007809427}, "valid score": {"mae_score": 1.5426469864001775}}, "fold_9": {"train score": {"mae_score": 0.8295745983412844}, "valid score": {"mae_score": 1.414658748504699}}},