{"Random": {"GraphConv": {"scaffold_1210": {"valid_mae": [0.6647179254177084, 0.5747684962614655, 0.6232536128086481, 0.7225235978837548, 0.571013240995155, 0.5969138840559489, 0.542196851579506, 0.6548835859012682, 0.6192863679873056, 0.5838896513822984]}, "scaffold_1247": {"valid_mae": [0.5832186393869696, 0.6146484630754183, 0.7408885152374903, 0.8501198830423797, 0.7063625641925794, 0.7081532687429863, 0.6681156588938133, 0.6474714705057203, 0.6276361785983334, 0.6952474561820103]}}, "Weave": {"scaffold_1210": {"valid_mae": [0.8942209606245282, 0.6744839809943063, 0.7141150328244535, 0.7187479233778531, 0.699778542212041, 0.7366678385149699, 0.7878414321306566, 0.7381930418677297, 0.5714864888026441, 0.6851670189038297]}, "scaffold_1247": {"valid_mae": [0.6738517779399682, 0.8463103818946229, 0.8084185438967404, 0.9447568422551679, 0.7105364233719561, 0.7722318908971545, 0.7936329853442206, 0.7882672199625026, 0.9285636668518581, 0.8123730098017561]}}, "ECFP": {"scaffold_1210": {"valid_mae": [0.9426139665329808, 0.8828600385276718, 0.8281886149042277, 0.8364534244803423, 0.8009170329094829, 0.8387673109602853, 0.9634197071087214, 0.9445336061784384, 0.9810566464029118, 0.8433140596827138]}, "scaffold_1247": {"valid_mae": [0.8303227681410893, 0.9341897278680592, 0.8380631794988231, 0.8907125470197018, 0.8470472007765901, 0.9377870657359136, 0.8810301206810428, 1.0069994130151503, 0.8540803080751578, 0.9249310433118508]}}}, "Butina": {"GraphConv": {"scaffold_1160": {"valid_mae": [0.5662322816886518, 0.5442327332471417, 0.46862430075260203, 0.40990364202860696, 0.48061052210338706, 0.5040339969359453, 0.591527096554047, 0.5642708429756669, 0.5010370626125616, 0.5481605471247327]}, "scaffold_382": {"valid_mae": [0.397294672698973, 0.43284878311798647, 0.5356785737456328, 0.315519843403189, 0.3137261820898997, 0.48264838583248826, 0.4113242502065939, 0.5508928241367014, 0.353274993771151, 0.44390705140220543]}, "scaffold_266": {"valid_mae": [0.6522432344047531, 0.5986057860881131, 0.45160200793463223, 0.5790879784429583, 0.3132217965426741, 0.56544348532203, 0.7365787478909361, 0.507492356612996, 0.6443799987570205, 0.6425201868620468]}, "scaffold_124": {"valid_mae": [1.4070029945864, 0.5280633845795507, 0.6439320980011313, 0.7491981119758608, 0.8585407934506764, 1.2017152849101977, 0.5102025129718375, 0.4436106136383158, 0.871256537745913, 0.8751063014257632]}, "scaffold_123": {"valid_mae": [0.8935464688591669, 1.0313520189968879, 0.4534898158053278, 0.6640489147610684, 0.5977567321055623, 0.6926650843330507, 0.7596636314669243, 0.7846455111216345, 0.671257114238017, 0.6145895724958097]}}, "Weave": {"scaffold_1160": {"valid_mae": [0.6699956357427167, 0.6306296107348585, 0.6886023752732343, 0.6615187969633279, 0.6507347755670934, 0.7141147767627712, 0.7205364341322958, 0.5981032135954979, 0.7153702887379404, 0.583935572973771]}, "scaffold_382": {"valid_mae": [0.46309063928066563, 0.2017451127650804, 0.2831630044314824, 0.3127483909730478, 0.4280529893572069, 0.36152470508690127, 0.40496474550547246, 0.48008862377773703, 0.29429616342462683, 0.21614241720991784]}, "scaffold_266": {"valid_mae": [0.8487299896375725, 0.5062420972821873, 0.6485429966940532, 0.7078242035816663, 0.9607255657712045, 0.7330806965246325, 0.5913609095641796, 0.676681704967452, 0.6034651848600492, 0.855424914508877]}, "scaffold_124": {"valid_mae": [0.6454650103382745, 1.1605092404187418, 1.102540891900094, 0.5863964680468307, 1.2633718681627588, 0.9600211030665357, 1.2514524247834917, 1.1540696752795934, 1.0859577290762272, 1.0729145962229198]}, "scaffold_123": {"valid_mae": [0.655720383891293, 1.0109809653340334, 0.8559774960279829, 0.7058602046328625, 0.6083640532150624, 1.0592650827484926, 1.3863512648646823, 0.6352938137345091, 1.02256859961394, 0.9412305697700419]}}, "ECFP": {"scaffold_1160": {"valid_mae": [0.6543200075165909, 0.722513009784194, 0.6331866865394912, 0.7115054672498645, 0.6241241473305038, 0.710281072993072, 0.8359397150513223, 0.6578522658094225, 0.7578854034223874, 0.6315094883848529]}, "scaffold_382": {"valid_mae": [0.693623916941586, 0.7736519507469407, 0.45875758183898835, 0.37997496504859746, 0.6396167902526537, 0.6963316849510107, 0.5436865591335442, 0.6427101373522655, 0.5525057237219275, 0.6049722810622294]}, "scaffold_266": {"valid_mae": [0.9074657571985608, 0.953668810968222, 0.6185400600445408, 0.7820176115247667, 1.0866346321852114, 0.5502695300147808, 1.1089856474027402, 0.9165209906985831, 1.2907316566822464, 0.8195117019361746]}, "scaffold_124": {"valid_mae": [1.0027273983604243, 1.0776419397872443, 0.9825129425375684, 0.44734336100674127, 0.6695075187517139, 0.9364009504547672, 1.0173872195461735, 0.5874531365539906, 0.7287449627559602, 0.7848137570143655]}, "scaffold_123": {"valid_mae": [0.6135223666461198, 1.0557467559546796, 0.7924113874028059, 0.6984095179213047, 1.129128200129857, 0.6832399005383861, 0.708859314920753, 0.6421906676778508, 0.6706703786123872, 0.6338572710152549]}}}, "MolecularWeight": {"GraphConv": {"scaffold_604": {"valid_mae": [0.5928353317419871, 0.7407854020600262, 0.7534734412439501, 0.7676675264630899, 0.743057952470775, 0.6645069547925273, 0.8311147383376576, 0.7785730465543872, 0.7731060915373212, 0.6456522682316224]}, "scaffold_1535": {"valid_mae": [0.5552268788151273, 0.6625922344639932, 0.4600314258883386, 0.5116051973622799, 0.6310361895576468, 0.8221294621861844, 0.6327998132845697, 0.5253732919726317, 0.6147828739154839, 0.575854531896283]}, "scaffold_1528": {"valid_mae": [0.626529883003864, 0.6487023947142088, 0.575324601226653, 0.6073806261296723, 0.681806693570651, 0.607224219582488, 0.5855619404043495, 0.6990299502544124, 0.617228050786702, 0.5796397811436808]}}, "Weave": {"scaffold_604": {"valid_mae": [0.750750506787506, 0.7904972590564711, 0.8657297742016562, 0.8737282574813388, 0.9259358591513469, 0.8744909570554776, 0.6429516831733247, 0.885975293854255, 0.8378069705946355, 0.7801231060571111]}, "scaffold_1535": {"valid_mae": [0.6228672812561067, 0.652814962628416, 0.658597712474233, 0.7480753782023192, 0.704645610460993, 0.5740480650619099, 0.6245747876633421, 0.7460371362647367, 0.5696388853429979, 0.7318487450575182]}, "scaffold_1528": {"valid_mae": [0.9065690446909649, 0.754382065375944, 0.8289463678570874, 0.9518093317227457, 0.6386055315766933, 0.7918924389702946, 0.9456016684010043, 0.703119204817925, 0.9199856628010785, 0.6744104929999308]}}, "ECFP": {"scaffold_604": {"valid_mae": [0.9056095161879834, 0.8460892277688077, 0.8261580893165592, 1.0170941574323127, 1.010124763050133, 0.8257784630064757, 0.780934430734008, 0.9499967457522596, 0.7318665545945913, 0.7307579828403359]}, "scaffold_1535": {"valid_mae": [0.8688101026199446, 0.8432456347731123, 0.7758080942210928, 0.7279086220951679, 0.7783411210105141, 0.7481903145015387, 0.86697860572299, 0.7829040293407807, 0.7412080397042353, 0.745662136079458]}, "scaffold_1528": {"valid_mae": [0.79996054152149, 0.8297059477798403, 0.847541753623206, 0.9714930866881363, 0.8661150947070961, 0.8575530947037208, 0.8253358792383229, 0.9536581691373412, 0.7702934260468333, 0.9775657495233073]}}}, "Scaffold": {"GraphConv": {"scaffold_843": {"valid_mae": [0.41431084248308686, 0.48528302144331564, 0.44328017393951913, 0.42169564098829987, 0.355847957010425, 0.377020206072162, 0.3579924938438192, 0.43139015770450484, 0.42070453469031543, 0.49188011100758094]}, "scaffold_824": {"valid_mae": [0.35654344225191575, 0.4240241582729959, 0.4622823022003599, 0.5392693825258134, 0.4608096110598209, 0.4217376914355702, 0.5387299752504832, 0.6047810115164154, 0.4209873813039301, 0.30241413315323307]}, "scaffold_145": {"valid_mae": [0.21065110533355128, 0.3185210764773508, 0.21804691331329207, 0.632073476682107, 0.2319767191579977, 0.30773494966305537, 0.2958738807061471, 0.371452158022586, 0.2429514093079921, 0.15700774675699644]}},