{"Random": {"ECFP": {"scaffold_800": {"fold_0": {"train score": {"mae_score": 0.42041698147190554}, "valid score": {"mae_score": 0.830026103018346}}, "fold_1": {"train score": {"mae_score": 0.47229937649844017}, "valid score": {"mae_score": 0.8202812969594893}}, "fold_2": {"train score": {"mae_score": 0.7523200013834612}, "valid score": {"mae_score": 0.968018839005941}}, "fold_3": {"train score": {"mae_score": 0.4545283716719405}, "valid score": {"mae_score": 0.7177989713824985}}, "fold_4": {"train score": {"mae_score": 0.5419258161347972}, "valid score": {"mae_score": 0.7439868843497637}}, "fold_5": {"train score": {"mae_score": 0.4258092337708266}, "valid score": {"mae_score": 0.8517198327464826}}, "fold_6": {"train score": {"mae_score": 0.5186597635168031}, "valid score": {"mae_score": 0.87142881747759}}, "fold_7": {"train score": {"mae_score": 0.44783279996875963}, "valid score": {"mae_score": 0.79837870717989}}, "fold_8": {"train score": {"mae_score": 0.4674198231808566}, "valid score": {"mae_score": 0.8888992527297926}}, "fold_9": {"train score": {"mae_score": 0.5231795923040611}, "valid score": {"mae_score": 0.7100818951559461}}}, "scaffold_100": {"fold_0": {"train score": {"mae_score": 0.586132875070489}, "valid score": {"mae_score": 1.6854819654387527}}, "fold_1": {"train score": {"mae_score": 0.8195669706220206}, "valid score": {"mae_score": 1.4784532486187427}}, "fold_2": {"train score": {"mae_score": 0.6986064570747988}, "valid score": {"mae_score": 1.8069710590571486}}, "fold_3": {"train score": {"mae_score": 0.5766739480734606}, "valid score": {"mae_score": 0.6949908333482078}}, "fold_4": {"train score": {"mae_score": 0.5389185761371662}, "valid score": {"mae_score": 0.8905303100077144}}, "fold_5": {"train score": {"mae_score": 0.616133404999748}, "valid score": {"mae_score": 0.8715541952859794}}, "fold_6": {"train score": {"mae_score": 0.9072706038172242}, "valid score": {"mae_score": 1.2610153364660632}}, "fold_7": {"train score": {"mae_score": 0.5641199287737778}, "valid score": {"mae_score": 0.9774427988164385}}, "fold_8": {"train score": {"mae_score": 0.5441377315188164}, "valid score": {"mae_score": 1.5555611116344366}}, "fold_9": {"train score": {"mae_score": 0.5847632976612857}, "valid score": {"mae_score": 1.3651623030176936}}}, "scaffold_200": {"fold_0": {"train score": {"mae_score": 0.4080842737830295}, "valid score": {"mae_score": 1.0723275716618552}}, "fold_1": {"train score": {"mae_score": 0.4391409719635348}, "valid score": {"mae_score": 0.8834713913753702}}, "fold_2": {"train score": {"mae_score": 0.47951254355907025}, "valid score": {"mae_score": 0.8454251130311092}}, "fold_3": {"train score": {"mae_score": 0.5097515408177535}, "valid score": {"mae_score": 0.933352172133646}}, "fold_4": {"train score": {"mae_score": 0.4782279445288216}, "valid score": {"mae_score": 1.1067375509005717}}, "fold_5": {"train score": {"mae_score": 0.390239741717565}, "valid score": {"mae_score": 0.7828434984566517}}, "fold_6": {"train score": {"mae_score": 0.42381263610018166}, "valid score": {"mae_score": 0.7659855688340065}}, "fold_7": {"train score": {"mae_score": 0.4433850118367966}, "valid score": {"mae_score": 1.04590947819212}}, "fold_8": {"train score": {"mae_score": 0.4106849045610272}, "valid score": {"mae_score": 0.8419455564847148}}, "fold_9": {"train score": {"mae_score": 0.48348772665875306}, "valid score": {"mae_score": 0.8099256594851797}}}, "scaffold_400": {"fold_0": {"train score": {"mae_score": 0.47044012972958454}, "valid score": {"mae_score": 0.8557870405199963}}, "fold_1": {"train score": {"mae_score": 0.44216004622629734}, "valid score": {"mae_score": 0.9265075716731598}}, "fold_2": {"train score": {"mae_score": 0.3909662935981449}, "valid score": {"mae_score": 0.9343104948897967}}, "fold_3": {"train score": {"mae_score": 0.4672821238832018}, "valid score": {"mae_score": 0.781735061645772}}, "fold_4": {"train score": {"mae_score": 0.39748425652783503}, "valid score": {"mae_score": 0.6860910449204086}}, "fold_5": {"train score": {"mae_score": 0.42286648880534805}, "valid score": {"mae_score": 0.6210316248469037}}, "fold_6": {"train score": {"mae_score": 0.5029392825991152}, "valid score": {"mae_score": 0.7656212280536525}}, "fold_7": {"train score": {"mae_score": 0.42389459798715656}, "valid score": {"mae_score": 0.8261395436897739}}, "fold_8": {"train score": {"mae_score": 0.5525822048150191}, "valid score": {"mae_score": 0.878018641092393}}, "fold_9": {"train score": {"mae_score": 0.45971474776472404}, "valid score": {"mae_score": 0.9830932692483032}}}}, "Weave": {"scaffold_800": {"fold_0": {"train score": {"mae_score": 0.6414220739000707}, "valid score": {"mae_score": 0.654758375619236}}, "fold_1": {"train score": {"mae_score": 0.6383843830479071}, "valid score": {"mae_score": 0.7059524462375514}}, "fold_2": {"train score": {"mae_score": 0.5111793718359541}, "valid score": {"mae_score": 0.6436893633762496}}, "fold_3": {"train score": {"mae_score": 0.542110223772206}, "valid score": {"mae_score": 0.6958474380820846}}, "fold_4": {"train score": {"mae_score": 0.589701277047245}, "valid score": {"mae_score": 0.7386693342935609}}, "fold_5": {"train score": {"mae_score": 0.5015337078071386}, "valid score": {"mae_score": 0.6444351640029107}}, "fold_6": {"train score": {"mae_score": 0.6658793013723646}, "valid score": {"mae_score": 0.7279868212596664}}, "fold_7": {"train score": {"mae_score": 0.5283892478482788}, "valid score": {"mae_score": 0.5948072522372806}}, "fold_8": {"train score": {"mae_score": 0.509736226087304}, "valid score": {"mae_score": 0.6580427299116858}}, "fold_9": {"train score": {"mae_score": 0.5333671791202098}, "valid score": {"mae_score": 0.734125026984463}}}, "scaffold_100": {"fold_0": {"train score": {"mae_score": 0.795360578473229}, "valid score": {"mae_score": 1.4284344504294153}}, "fold_1": {"train score": {"mae_score": 0.8182402038501198}, "valid score": {"mae_score": 0.9029886618103516}}, "fold_2": {"train score": {"mae_score": 0.8762304754895252}, "valid score": {"mae_score": 1.7260716795863673}}, "fold_3": {"train score": {"mae_score": 0.6900900454431033}, "valid score": {"mae_score": 0.7641856784386631}}, "fold_4": {"train score": {"mae_score": 0.8654420942664404}, "valid score": {"mae_score": 1.476337489127226}}, "fold_5": {"train score": {"mae_score": 0.6659336678785599}, "valid score": {"mae_score": 0.4573969820612357}}, "fold_6": {"train score": {"mae_score": 0.8298001386900657}, "valid score": {"mae_score": 0.928543504226359}}, "fold_7": {"train score": {"mae_score": 0.5792767821180274}, "valid score": {"mae_score": 0.7788280368464653}}, "fold_8": {"train score": {"mae_score": 0.8486803577315822}, "valid score": {"mae_score": 0.9857458209969078}}, "fold_9": {"train score": {"mae_score": 0.6498721624704836}, "valid score": {"mae_score": 1.829233844020314}}}, "scaffold_200": {"fold_0": {"train score": {"mae_score": 0.6043622681653466}, "valid score": {"mae_score": 0.8158907741515566}}, "fold_1": {"train score": {"mae_score": 0.6070358693928769}, "valid score": {"mae_score": 0.9595741240674311}}, "fold_2": {"train score": {"mae_score": 0.6102315154844073}, "valid score": {"mae_score": 0.9156975932452062}}, "fold_3": {"train score": {"mae_score": 0.6474684256274952}, "valid score": {"mae_score": 0.8284203372776432}}, "fold_4": {"train score": {"mae_score": 0.830223860267574}, "valid score": {"mae_score": 1.3004418982840387}}, "fold_5": {"train score": {"mae_score": 0.682466103831297}, "valid score": {"mae_score": 0.7873405784732275}}, "fold_6": {"train score": {"mae_score": 0.6001897361914029}, "valid score": {"mae_score": 0.9050343013450475}}, "fold_7": {"train score": {"mae_score": 0.5631193598886199}, "valid score": {"mae_score": 0.7696820953857623}}, "fold_8": {"train score": {"mae_score": 0.4938832020506767}, "valid score": {"mae_score": 0.7665764686958096}}, "fold_9": {"train score": {"mae_score": 0.8154026374612814}, "valid score": {"mae_score": 0.6659001638964792}}},