{"Random": {"GraphConv": {"scaffold_1173": {"fold_0": {"train score": {"mae_score": 0.37578659007791776}, "valid score": {"mae_score": 0.6448718326635526}}, "fold_1": {"train score": {"mae_score": 0.4801729089317912}, "valid score": {"mae_score": 0.6572308595977986}}, "fold_2": {"train score": {"mae_score": 0.6838864462978578}, "valid score": {"mae_score": 0.8292244631178842}}, "fold_3": {"train score": {"mae_score": 0.4105819416420667}, "valid score": {"mae_score": 0.6547279424018294}}, "fold_4": {"train score": {"mae_score": 0.4144340302141132}, "valid score": {"mae_score": 0.6886586420910705}}, "fold_5": {"train score": {"mae_score": 0.5598580340796417}, "valid score": {"mae_score": 0.8118031604909407}}, "fold_6": {"train score": {"mae_score": 0.41918844923123383}, "valid score": {"mae_score": 0.590855416217256}}, "fold_7": {"train score": {"mae_score": 0.8482945829254128}, "valid score": {"mae_score": 1.0241211887683332}}, "fold_8": {"train score": {"mae_score": 0.42265256721255495}, "valid score": {"mae_score": 0.5940590295296841}}, "fold_9": {"train score": {"mae_score": 0.34900006103696957}, "valid score": {"mae_score": 0.5414987765663013}}}, "scaffold_1210": {"fold_0": {"train score": {"mae_score": 0.4825047697034848}, "valid score": {"mae_score": 0.5535743274971943}}, "fold_1": {"train score": {"mae_score": 0.4181312571981392}, "valid score": {"mae_score": 0.6720726576077288}}, "fold_2": {"train score": {"mae_score": 0.39202959893967904}, "valid score": {"mae_score": 0.6401747467306308}}, "fold_3": {"train score": {"mae_score": 0.47231128179083587}, "valid score": {"mae_score": 0.6761689793025365}}, "fold_4": {"train score": {"mae_score": 0.394617459970338}, "valid score": {"mae_score": 0.6247135737818635}}, "fold_5": {"train score": {"mae_score": 0.404442050733724}, "valid score": {"mae_score": 0.6649917571472315}}, "fold_6": {"train score": {"mae_score": 0.42091730309610975}, "valid score": {"mae_score": 0.5898297663262577}}, "fold_7": {"train score": {"mae_score": 0.41433198371127516}, "valid score": {"mae_score": 0.6302830340841884}}, "fold_8": {"train score": {"mae_score": 0.4664404635120475}, "valid score": {"mae_score": 0.6175209478928192}}, "fold_9": {"train score": {"mae_score": 0.4316912411136728}, "valid score": {"mae_score": 0.5957245713431107}}}, "scaffold_1284": {"fold_0": {"train score": {"mae_score": 0.5705350084988055}, "valid score": {"mae_score": 0.6676789466240352}}, "fold_1": {"train score": {"mae_score": 0.6617180743085638}, "valid score": {"mae_score": 0.8488232201887663}}, "fold_2": {"train score": {"mae_score": 0.4323578910133162}, "valid score": {"mae_score": 0.5978931544511936}}, "fold_3": {"train score": {"mae_score": 0.4924399117096948}, "valid score": {"mae_score": 0.6181293378002666}}, "fold_4": {"train score": {"mae_score": 0.4501766257085386}, "valid score": {"mae_score": 0.6053100671393938}}, "fold_5": {"train score": {"mae_score": 0.45596068760543984}, "valid score": {"mae_score": 0.7154669908000637}}, "fold_6": {"train score": {"mae_score": 0.4171237395947448}, "valid score": {"mae_score": 0.7566763851757602}}, "fold_7": {"train score": {"mae_score": 0.44480494121528874}, "valid score": {"mae_score": 0.732314723300622}}, "fold_8": {"train score": {"mae_score": 0.5555325917119367}, "valid score": {"mae_score": 0.6352949231135187}}, "fold_9": {"train score": {"mae_score": 0.5262668564275803}, "valid score": {"mae_score": 0.7770564327901036}}}}}}