{"Random": {"GraphConv": {"scaffold_1173": {"valid_mae": [0.5712358108981512, 0.6285921156426941, 0.5076465578759277, 0.6934254813968628, 0.6650841513931149, 0.8167825507601081, 0.5874825111167077, 0.7248911063951032, 0.5288784759719757, 0.6675868968193049]}, "scaffold_1210": {"valid_mae": [0.6514291396865493, 0.6497764208268259, 0.5906549209727777, 0.7597941010658502, 0.6919539117059059, 0.8461547026919861, 0.5515222518865208, 0.6120426020729242, 0.9682142638283989, 0.6066047695017822]}, "scaffold_1284": {"valid_mae": [0.7760753827295883, 0.6197846067319811, 0.6514824462360418, 0.5786543091250489, 0.7250414121676085, 0.6254341005676471, 0.6072468044131096, 0.6753751275854187, 0.6844699784137395, 0.8097964100779846]}}, "Weave": {"scaffold_1173": {"valid_mae": [0.7486044519552076, 0.9285701627712777, 0.8931936573067537, 0.9926259442693621, 0.7491239233727044, 0.7004340006618341, 0.770411832115809, 0.7430121282761534, 0.754615381229422, 0.8183492825625782]}, "scaffold_1210": {"valid_mae": [0.7604086872175143, 0.6719565185517117, 0.7974246773473126, 0.5835604972931565, 0.6449445966630485, 0.8644264233426141, 0.9140080070959361, 0.9550499363563743, 0.773362479143157, 0.6601918417389026]}, "scaffold_1284": {"valid_mae": [0.8661616836968437, 0.7045210925048383, 0.7594423594829838, 0.8516100293403568, 0.7009107347510464, 0.7809307108345769, 0.757459490376004, 0.8580150936906689, 0.8144416546031576, 0.91905672424074]}}, "ECFP": {"scaffold_1173": {"valid_mae": [1.06611608945849, 0.9716605102624557, 0.8281504618219588, 0.8843084735822222, 0.9664568745158002, 0.9007865651883638, 0.9308548733698973, 0.8942733118128279, 0.9520605427650736, 0.805675870913682]}, "scaffold_1210": {"valid_mae": [0.8458832993737333, 0.9236619876556003, 0.8820067202492373, 0.8179610855276142, 0.8957113987858719, 0.8217546572927173, 0.9678153318731849, 0.8299288319033041, 0.8229158471348412, 0.9538350714003628]}, "scaffold_1284": {"valid_mae": [0.7824577091988345, 0.8085546964758568, 0.8694788642434299, 0.8054856640863097, 0.9532283396363073, 0.8377385320726389, 1.0381492267520118, 0.817288595852636, 0.8241562542921712, 0.8647330007741033]}}}, "Butina": {"GraphConv": {"scaffold_1160": {"valid_mae": [0.5662322816886518, 0.5442327332471417, 0.46862430075260203, 0.40990364202860696, 0.48061052210338706, 0.5040339969359453, 0.591527096554047, 0.5642708429756669, 0.5010370626125616, 0.5481605471247327]}, "scaffold_382": {"valid_mae": [0.397294672698973, 0.43284878311798647, 0.5356785737456328, 0.315519843403189, 0.3137261820898997, 0.48264838583248826, 0.4113242502065939, 0.5508928241367014, 0.353274993771151, 0.44390705140220543]}, "scaffold_266": {"valid_mae": [0.6522432344047531, 0.5986057860881131, 0.45160200793463223, 0.5790879784429583, 0.3132217965426741, 0.56544348532203, 0.7365787478909361, 0.507492356612996, 0.6443799987570205, 0.6425201868620468]}, "scaffold_124": {"valid_mae": [1.4070029945864, 0.5280633845795507, 0.6439320980011313, 0.7491981119758608, 0.8585407934506764, 1.2017152849101977, 0.5102025129718375, 0.4436106136383158, 0.871256537745913, 0.8751063014257632]}, "scaffold_123": {"valid_mae": [0.8935464688591669, 1.0313520189968879, 0.4534898158053278, 0.6640489147610684, 0.5977567321055623, 0.6926650843330507, 0.7596636314669243, 0.7846455111216345, 0.671257114238017, 0.6145895724958097]}}, "Weave": {"scaffold_1160": {"valid_mae": [0.6699956357427167, 0.6306296107348585, 0.6886023752732343, 0.6615187969633279, 0.6507347755670934, 0.7141147767627712, 0.7205364341322958, 0.5981032135954979, 0.7153702887379404, 0.583935572973771]}, "scaffold_382": {"valid_mae": [0.46309063928066563, 0.2017451127650804, 0.2831630044314824, 0.3127483909730478, 0.4280529893572069, 0.36152470508690127, 0.40496474550547246, 0.48008862377773703, 0.29429616342462683, 0.21614241720991784]}, "scaffold_266": {"valid_mae": [0.8487299896375725, 0.5062420972821873, 0.6485429966940532, 0.7078242035816663, 0.9607255657712045, 0.7330806965246325, 0.5913609095641796, 0.676681704967452, 0.6034651848600492, 0.855424914508877]}, "scaffold_124": {"valid_mae": [0.6454650103382745, 1.1605092404187418, 1.102540891900094, 0.5863964680468307, 1.2633718681627588, 0.9600211030665357, 1.2514524247834917, 1.1540696752795934, 1.0859577290762272, 1.0729145962229198]}, "scaffold_123": {"valid_mae": [0.655720383891293, 1.0109809653340334, 0.8559774960279829, 0.7058602046328625, 0.6083640532150624, 1.0592650827484926, 1.3863512648646823, 0.6352938137345091, 1.02256859961394, 0.9412305697700419]}}, "ECFP": {"scaffold_1160": {"valid_mae": [0.6543200075165909, 0.722513009784194, 0.6331866865394912, 0.7115054672498645, 0.6241241473305038, 0.710281072993072, 0.8359397150513223, 0.6578522658094225, 0.7578854034223874, 0.6315094883848529]}, "scaffold_382": {"valid_mae": [0.693623916941586, 0.7736519507469407, 0.45875758183898835, 0.37997496504859746, 0.6396167902526537, 0.6963316849510107, 0.5436865591335442, 0.6427101373522655, 0.5525057237219275, 0.6049722810622294]}, "scaffold_266": {"valid_mae": [0.9074657571985608, 0.953668810968222, 0.6185400600445408, 0.7820176115247667, 1.0866346321852114, 0.5502695300147808, 1.1089856474027402, 0.9165209906985831, 1.2907316566822464, 0.8195117019361746]}, "scaffold_124": {"valid_mae": [1.0027273983604243, 1.0776419397872443, 0.9825129425375684, 0.44734336100674127, 0.6695075187517139, 0.9364009504547672, 1.0173872195461735, 0.5874531365539906, 0.7287449627559602, 0.7848137570143655]}, "scaffold_123": {"valid_mae": [0.6135223666461198, 1.0557467559546796, 0.7924113874028059, 0.6984095179213047, 1.129128200129857, 0.6832399005383861, 0.708859314920753, 0.6421906676778508, 0.6706703786123872, 0.6338572710152549]}}}, "MolecularWeight": {"GraphConv": {"scaffold_604": {"valid_mae": [0.5928353317419871, 0.7407854020600262, 0.7534734412439501, 0.7676675264630899, 0.743057952470775, 0.6645069547925273, 0.8311147383376576, 0.7785730465543872, 0.7731060915373212, 0.6456522682316224]}, "scaffold_1535": {"valid_mae": [0.5552268788151273, 0.6625922344639932, 0.4600314258883386, 0.5116051973622799, 0.6310361895576468, 0.8221294621861844, 0.6327998132845697, 0.5253732919726317, 0.6147828739154839, 0.575854531896283]}, "scaffold_1528": {"valid_mae": [0.626529883003864, 0.6487023947142088, 0.575324601226653, 0.6073806261296723, 0.681806693570651, 0.607224219582488, 0.5855619404043495, 0.6990299502544124, 0.617228050786702, 0.5796397811436808]}}, "Weave": {"scaffold_604": {"valid_mae": [0.750750506787506, 0.7904972590564711, 0.8657297742016562, 0.8737282574813388, 0.9259358591513469, 0.8744909570554776, 0.6429516831733247, 0.885975293854255, 0.8378069705946355, 0.7801231060571111]}, "scaffold_1535": {"valid_mae": [0.6228672812561067, 0.652814962628416, 0.658597712474233, 0.7480753782023192, 0.704645610460993, 0.5740480650619099, 0.6245747876633421, 0.7460371362647367, 0.5696388853429979, 0.7318487450575182]}, "scaffold_1528": {"valid_mae": [0.9065690446909649, 0.754382065375944, 0.8289463678570874, 0.9518093317227457, 0.6386055315766933, 0.7918924389702946, 0.9456016684010043, 0.703119204817925, 0.9199856628010785, 0.6744104929999308]}}, "ECFP": {"scaffold_604": {"valid_mae": [0.9056095161879834, 0.8460892277688077, 0.8261580893165592, 1.0170941574323127, 1.010124763050133, 0.8257784630064757, 0.780934430734008, 0.9499967457522596, 0.7318665545945913, 0.7307579828403359]}, "scaffold_1535": {"valid_mae": [0.8688101026199446, 0.8432456347731123, 0.7758080942210928, 0.7279086220951679, 0.7783411210105141, 0.7481903145015387, 0.86697860572299, 0.7829040293407807, 0.7412080397042353, 0.745662136079458]}, "scaffold_1528": {"valid_mae": [0.79996054152149, 0.8297059477798403, 0.847541753623206, 0.9714930866881363, 0.8661150947070961, 0.8575530947037208, 0.8253358792383229, 0.9536581691373412, 0.7702934260468333, 0.9775657495233073]}}},