{"GraphConv": {"scaffold_604": {"valid_mae": [0.7697478674971374, 0.5708243353159833, 0.7315292851499626, 0.6598556374007799, 0.6108312215923702, 0.7838945955245921, 0.6473858978183249, 0.8197455317325479, 0.780100694735429, 0.7037364022493361]}, "scaffold_1535": {"valid_mae": [0.6298241277728588, 0.6490214944820053, 0.5369698335182644, 0.5957491942719032, 0.7099333441171635, 0.4968333986285017, 0.6271429082028469, 0.5585036346909766, 0.5049005167765676, 0.5625226960368062]}, "scaffold_1528": {"valid_mae": [0.6892961433463023, 0.5914836725103181, 0.7780624136159942, 0.6603974158318329, 0.576314827024458, 0.5728494919119035, 0.6303057161321527, 0.6069051424802726, 0.5883876455513953, 0.7224277048708464]}}, "Weave": {"scaffold_604": {"valid_mae": [0.6599764513492935, 0.8495773492685801, 0.8338770004048234, 0.9015576732195693, 0.7935587657326763, 0.7516638188916088, 1.121735894517729, 0.9105746779407219, 0.883337272403297, 0.7124950432391594]}, "scaffold_1535": {"valid_mae": [0.6776087446038129, 0.6768184519180683, 0.7665100362171224, 0.6955818050193867, 0.8677562211937349, 0.5744352238094806, 0.6128336639653864, 0.6929637715882309, 0.5666322283100578, 0.6504054579331324]}, "scaffold_1528": {"valid_mae": [0.6192338697236801, 0.8523680581898565, 0.7614248122080617, 1.0658738529406298, 0.7842056174613089, 0.7641921195988576, 0.6626306651418336, 0.6868846173139141, 0.7394171459640564, 0.8017614965961607]}}, "ECFP": {"scaffold_604": {"valid_mae": [0.965866058828927, 0.7799727601494342, 0.7792724722830399, 1.0800943766697566, 0.8560158644434868, 0.9312297685266144, 0.7113174121724369, 0.7863114568340894, 0.6837458283875605, 0.8662950538153992]}, "scaffold_1535": {"valid_mae": [0.8580817557682414, 0.7712725239885106, 0.8228369529429462, 0.7792209974102687, 0.7955109275594697, 0.7830269670257612, 0.7290079078652084, 0.8116354592293525, 0.8256935356648477, 0.7914908126087352]}, "scaffold_1528": {"valid_mae": [0.8486228667902249, 0.9067583842063397, 0.8885429745174087, 0.9338736499647606, 0.8294823961380237, 0.8837839773956242, 0.9568479172946356, 0.8984880864234128, 0.8036042980846464, 0.908325125502092]}}}