{
    "GraphConv": {
        "scaffold_843": {
            "fold_0": {
                "train score": {
                    "mae_score": 0.2522877762650824
                },
                "valid score": {
                    "mae_score": 0.4221455338128995
                }
            },
            "fold_1": {
                "train score": {
                    "mae_score": 0.23788606081377425
                },
                "valid score": {
                    "mae_score": 0.3618997711166158
                }
            },
            "fold_2": {
                "train score": {
                    "mae_score": 0.3048409071953005
                },
                "valid score": {
                    "mae_score": 0.4977351567217224
                }
            },
            "fold_3": {
                "train score": {
                    "mae_score": 0.2170056516185218
                },
                "valid score": {
                    "mae_score": 0.4181609225673684
                }
            },
            "fold_4": {
                "train score": {
                    "mae_score": 0.3303457487982029
                },
                "valid score": {
                    "mae_score": 0.5547009051180098
                }
            },
            "fold_5": {
                "train score": {
                    "mae_score": 0.21970638797003594
                },
                "valid score": {
                    "mae_score": 0.4350363626140904
                }
            },
            "fold_6": {
                "train score": {
                    "mae_score": 0.2738328514170331
                },
                "valid score": {
                    "mae_score": 0.32422347607596974
                }
            },
            "fold_7": {
                "train score": {
                    "mae_score": 0.3007782717424061
                },
                "valid score": {
                    "mae_score": 0.405541898451357
                }
            },
            "fold_8": {
                "train score": {
                    "mae_score": 0.24784794236687405
                },
                "valid score": {
                    "mae_score": 0.4764129345884443
                }
            },
            "fold_9": {
                "train score": {
                    "mae_score": 0.27538049042428864
                },
                "valid score": {
                    "mae_score": 0.41253203036177094
                }
            }
        },
        "scaffold_824": {
            "fold_0": {
                "train score": {
                    "mae_score": 0.3003776505548409
                },
                "valid score": {
                    "mae_score": 0.3504139968863865
                }
            },
            "fold_1": {
                "train score": {
                    "mae_score": 0.2791873131153984
                },
                "valid score": {
                    "mae_score": 0.3516091964485855
                }
            },
            "fold_2": {
                "train score": {
                    "mae_score": 0.4123956569309698
                },
                "valid score": {
                    "mae_score": 0.47590491448526895
                }
            },
            "fold_3": {
                "train score": {
                    "mae_score": 0.29994979550953105
                },
                "valid score": {
                    "mae_score": 0.5008924478323514
                }
            },
            "fold_4": {
                "train score": {
                    "mae_score": 0.256221820150285
                },
                "valid score": {
                    "mae_score": 0.5048808753425166
                }
            },
            "fold_5": {
                "train score": {
                    "mae_score": 0.23701508965550394
                },
                "valid score": {
                    "mae_score": 0.45847059942823154
                }
            },
            "fold_6": {
                "train score": {
                    "mae_score": 0.36252939334843054
                },
                "valid score": {
                    "mae_score": 0.3529580132824816
                }
            },
            "fold_7": {
                "train score": {
                    "mae_score": 0.41888468371537785
                },
                "valid score": {
                    "mae_score": 0.5327590765026636
                }
            },
            "fold_8": {
                "train score": {
                    "mae_score": 0.3284903777858179
                },
                "valid score": {
                    "mae_score": 0.3781947380557682
                }
            },
            "fold_9": {
                "train score": {
                    "mae_score": 0.25527508073394245
                },
                "valid score": {
                    "mae_score": 0.3292219468883926
                }
            }
        }
    },
    "Weave": {
        "scaffold_843": {
            "fold_0": {
                "train score": {
                    "mae_score": 0.41499956406847416
                },
                "valid score": {
                    "mae_score": 0.44015171992088836
                }
            },
            "fold_1": {
                "train score": {
                    "mae_score": 0.4404456071401142
                },
                "valid score": {
                    "mae_score": 0.4799215609759398
                }
            },
            "fold_2": {
                "train score": {
                    "mae_score": 0.5091627102913495
                },
                "valid score": {
                    "mae_score": 0.6644576647640706
                }
            },
            "fold_3": {
                "train score": {
                    "mae_score": 0.4798443538846203
                },
                "valid score": {
                    "mae_score": 0.5185589558924791
                }
            },
            "fold_4": {
                "train score": {
                    "mae_score": 0.378826922850651
                },
                "valid score": {
                    "mae_score": 0.4724014524193243
                }
            },
            "fold_5": {
                "train score": {
                    "mae_score": 0.35419224691430407
                },
                "valid score": {
                    "mae_score": 0.4720030997886732
                }
            },
            "fold_6": {
                "train score": {
                    "mae_score": 0.4501418622114694
                },
                "valid score": {
                    "mae_score": 0.46606074168316736
                }
            },
            "fold_7": {
                "train score": {
                    "mae_score": 0.4671026903757782
                },
                "valid score": {
                    "mae_score": 0.5552178294259428
                }
            },
            "fold_8": {
                "train score": {
                    "mae_score": 0.42565575302970093
                },
                "valid score": {
                    "mae_score": 0.5719623745528853
                }
            },
            "fold_9": {
                "train score": {
                    "mae_score": 0.4309750570318771
                },
                "valid score": {
                    "mae_score": 0.38376882277098456
                }
            }
        },
        "scaffold_824": {
            "fold_0": {
                "train score": {
                    "mae_score": 0.39080690318759803
                },
                "valid score": {
                    "mae_score": 0.5158654396474984
                }
            },
            "fold_1": {
                "train score": {
                    "mae_score": 0.5693663527561261
                },