{
    "GraphConv": {
        "scaffold_843": {
            "fold_0": {
                "train score": {
                    "mae_score": 0.27976921185085885
                },
                "valid score": {
                    "mae_score": 0.41721818491489127
                }
            },
            "fold_1": {
                "train score": {
                    "mae_score": 0.27473291441301784
                },
                "valid score": {
                    "mae_score": 0.4486479222352982
                }
            },
            "fold_2": {
                "train score": {
                    "mae_score": 0.26463568417977407
                },
                "valid score": {
                    "mae_score": 0.4541200172639105
                }
            },
            "fold_3": {
                "train score": {
                    "mae_score": 0.2805244880417882
                },
                "valid score": {
                    "mae_score": 0.3927897945484671
                }
            },
            "fold_4": {
                "train score": {
                    "mae_score": 0.252994115089136
                },
                "valid score": {
                    "mae_score": 0.4426181048535419
                }
            },
            "fold_5": {
                "train score": {
                    "mae_score": 0.24258466042187604
                },
                "valid score": {
                    "mae_score": 0.3677579885450753
                }
            },
            "fold_6": {
                "train score": {
                    "mae_score": 0.22835136209821189
                },
                "valid score": {
                    "mae_score": 0.415535097247
                }
            },
            "fold_7": {
                "train score": {
                    "mae_score": 0.25532810649416254
                },
                "valid score": {
                    "mae_score": 0.37964086408603753
                }
            },
            "fold_8": {
                "train score": {
                    "mae_score": 0.34614916505004034
                },
                "valid score": {
                    "mae_score": 0.44935297482321757
                }
            },
            "fold_9": {
                "train score": {
                    "mae_score": 0.18379123526805338
                },
                "valid score": {
                    "mae_score": 0.36485372904164415
                }
            }
        },
        "scaffold_824": {
            "fold_0": {
                "train score": {
                    "mae_score": 0.2848131223686557
                },
                "valid score": {
                    "mae_score": 0.4483970850564948
                }
            },
            "fold_1": {
                "train score": {
                    "mae_score": 0.31780577414331357
                },
                "valid score": {
                    "mae_score": 0.3121909421967518
                }
            },
            "fold_2": {
                "train score": {
                    "mae_score": 0.2609813245908217
                },
                "valid score": {
                    "mae_score": 0.37678727141122503
                }
            },
            "fold_3": {
                "train score": {
                    "mae_score": 0.2854147956185673
                },
                "valid score": {
                    "mae_score": 0.3645291718101948
                }
            },
            "fold_4": {
                "train score": {
                    "mae_score": 0.2609491437465441
                },
                "valid score": {
                    "mae_score": 0.41868209151822855
                }
            },
            "fold_5": {
                "train score": {
                    "mae_score": 0.3191246017027627
                },
                "valid score": {
                    "mae_score": 0.3803983568906755
                }
            },
            "fold_6": {
                "train score": {
                    "mae_score": 0.32640111083790985
                },
                "valid score": {
                    "mae_score": 0.39904817374806517
                }
            },
            "fold_7": {
                "train score": {
                    "mae_score": 0.4563198080306689
                },
                "valid score": {
                    "mae_score": 0.6290127105958409
                }
            },
            "fold_8": {
                "train score": {
                    "mae_score": 0.398299557030426
                },
                "valid score": {
                    "mae_score": 0.5106987157835541
                }
            },
            "fold_9": {
                "train score": {
                    "mae_score": 0.26777156993737755
                },
                "valid score": {
                    "mae_score": 0.3944840351206223
                }
            }
        },
        "scaffold_145": {
            "fold_0": {
                "train score": {
                    "mae_score": 0.29312951890082967
                },
                "valid score": {
                    "mae_score": 0.2946277817589463
                }
            },
            "fold_1": {
                "train score": {
                    "mae_score": 0.3248290691079076
                },
                "valid score": {
                    "mae_score": 0.5937882109236885
                }
            },
            "fold_2": {
                "train score": {
                    "mae_score": 0.3498221068573106
                },
                "valid score": {
                    "mae_score": 0.33088081716725387
                }
            },
            "fold_3": {
                "train score": {
                    "mae_score": 0.41427715573129636
                },
                "valid score": {
                    "mae_score": 0.7132018631705954
                }
            },
            "fold_4": {
                "train score": {
                    "mae_score": 0.29707485252452226
                },
                "valid score": {
                    "mae_score": 0.23963777560797933
                }
            },
            "fold_5": {
                "train score": {
                    "mae_score": 0.17465372526159076
                },
                "valid score": {
                    "mae_score": 0.24219472909550818
                }
            },
            "fold_6": {
                "train score": {
                    "mae_score": 0.40742872743204095
                },
                "valid score": {
                    "mae_score": 0.6622581457294708
                }
            },
            "fold_7": {
                "train score": {
                    "mae_score": 0.16344962348163564
                },
                "valid score": {
                    "mae_score": 0.12593296419470298
                }
            },
            "fold_8": {
                "train score": {
                    "mae_score": 0.3464826713984704
                },
                "valid score": {
                    "mae_score": 0.3849666670474502
                }
            },
            "fold_9": {
                "train score": {
                    "mae_score": 0.1747706977808014
                },
                "valid score": {
                    "mae_score": 0.15822729259718712
                }
            }
        }
    }
}