{
    "GraphConv": {
        "scaffold_843": {
            "valid_mae": [
                0.4221455338128995,
                0.3618997711166158,
                0.4977351567217224,
                0.4181609225673684,
                0.5547009051180098,
                0.4350363626140904,
                0.32422347607596974,
                0.405541898451357,
                0.4764129345884443,
                0.41253203036177094
            ]
        },
        "scaffold_824": {
            "valid_mae": [
                0.3504139968863865,
                0.3516091964485855,
                0.47590491448526895,
                0.5008924478323514,
                0.5048808753425166,
                0.45847059942823154,
                0.3529580132824816,
                0.5327590765026636,
                0.3781947380557682,
                0.3292219468883926
            ]
        }
    },
    "Weave": {
        "scaffold_843": {
            "valid_mae": [
                0.44015171992088836,
                0.4799215609759398,
                0.6644576647640706,
                0.5185589558924791,
                0.4724014524193243,
                0.4720030997886732,
                0.46606074168316736,
                0.5552178294259428,
                0.5719623745528853,
                0.38376882277098456
            ]
        },
        "scaffold_824": {
            "valid_mae": [
                0.5158654396474984,
                0.5808860155111637,
                0.5535530110652205,
                0.6962614480314399,
                0.6687050366518471,
                0.6894752854711166,
                0.5276864230982439,
                0.5352207001236232,
                0.6514616729073779,
                0.5447794755639094
            ]
        }
    },
    "ECFP": {
        "scaffold_843": {
            "valid_mae": [
                0.5935789596427213,
                0.7171907249655686,
                0.5999193652727471,
                1.0432364829486556,
                0.75753263116652,
                0.614377111819576,
                0.6049995139926835,
                0.8124131785458173,
                0.5670961748642729,
                0.7606768155552652
            ]
        },
        "scaffold_824": {
            "valid_mae": [
                0.5262264623499446,
                0.4191847666966192,
                0.4786681425700771,
                0.5097264704380445,
                0.5171079983516118,
                0.5570786210863331,
                0.4512602285109703,
                0.618579598208558,
                0.5233616254117329,
                0.4998881644571526
            ]
        }
    }
}