{"Random": {"GraphConv": {"scaffold_1173": {"fold_0": {"train score": {"mae_score": 0.396642212741645}, "valid score": {"mae_score": 0.5577828762143008}}, "fold_1": {"train score": {"mae_score": 0.45314159883826594}, "valid score": {"mae_score": 0.5496858913582445}}, "fold_2": {"train score": {"mae_score": 0.42276309927357103}, "valid score": {"mae_score": 0.6587995651694145}}, "fold_3": {"train score": {"mae_score": 0.4430046010426501}, "valid score": {"mae_score": 0.6121743609693018}}, "fold_4": {"train score": {"mae_score": 0.4313718919100263}, "valid score": {"mae_score": 0.7722614174167285}}, "fold_5": {"train score": {"mae_score": 0.5291725669110688}, "valid score": {"mae_score": 0.7388943769062479}}, "fold_6": {"train score": {"mae_score": 0.4306511307869023}, "valid score": {"mae_score": 0.7154237336655066}}, "fold_7": {"train score": {"mae_score": 0.4048125755398443}, "valid score": {"mae_score": 0.5751483865824452}}, "fold_8": {"train score": {"mae_score": 0.48262572139329196}, "valid score": {"mae_score": 0.6239471665341443}}, "fold_9": {"train score": {"mae_score": 0.45807813286784216}, "valid score": {"mae_score": 0.6061258030136744}}}, "scaffold_1210": {"fold_0": {"train score": {"mae_score": 0.4570510918806712}, "valid score": {"mae_score": 0.6158040610207818}}, "fold_1": {"train score": {"mae_score": 0.4660636514186364}, "valid score": {"mae_score": 0.5891535089042244}}, "fold_2": {"train score": {"mae_score": 0.4251338583897138}, "valid score": {"mae_score": 0.6389373502905621}}, "fold_3": {"train score": {"mae_score": 0.4110952717688354}, "valid score": {"mae_score": 0.6142950148433203}}, "fold_4": {"train score": {"mae_score": 0.4430938695514312}, "valid score": {"mae_score": 0.773218747523765}}, "fold_5": {"train score": {"mae_score": 0.39751114851405805}, "valid score": {"mae_score": 0.6548459712589981}}, "fold_6": {"train score": {"mae_score": 0.42911128184280023}, "valid score": {"mae_score": 0.7029602702975383}}, "fold_7": {"train score": {"mae_score": 0.3835852136872377}, "valid score": {"mae_score": 0.5368854604789082}}, "fold_8": {"train score": {"mae_score": 0.5337522596161641}, "valid score": {"mae_score": 0.7024138721305151}}, "fold_9": {"train score": {"mae_score": 0.43362991231428893}, "valid score": {"mae_score": 0.5828428264149118}}}, "scaffold_1284": {"fold_0": {"train score": {"mae_score": 0.3999982522637542}, "valid score": {"mae_score": 0.5540853027921249}}, "fold_1": {"train score": {"mae_score": 0.6479159246283283}, "valid score": {"mae_score": 0.748523089101758}}, "fold_2": {"train score": {"mae_score": 0.45081048861579925}, "valid score": {"mae_score": 0.5489591562078898}}, "fold_3": {"train score": {"mae_score": 0.5110452068425797}, "valid score": {"mae_score": 0.6814206880697383}}, "fold_4": {"train score": {"mae_score": 0.4515313862503714}, "valid score": {"mae_score": 0.6773782049522548}}, "fold_5": {"train score": {"mae_score": 0.45374099662325346}, "valid score": {"mae_score": 0.6101485137882587}}, "fold_6": {"train score": {"mae_score": 0.5184222103877254}, "valid score": {"mae_score": 0.7206735384011552}}, "fold_7": {"train score": {"mae_score": 0.41476477262733064}, "valid score": {"mae_score": 0.5541106913070575}}, "fold_8": {"train score": {"mae_score": 0.4175517009623196}, "valid score": {"mae_score": 0.6697647325653834}}, "fold_9": {"train score": {"mae_score": 0.44782164282833176}, "valid score": {"mae_score": 0.5735740009874072}}}}}}