{"Random": {"ECFP": {"scaffold_800": {"fold_0": {"train score": {"mae_score": 0.43013733037718027}, "valid score": {"mae_score": 0.6356516278122446}}, "fold_1": {"train score": {"mae_score": 0.43421095493246176}, "valid score": {"mae_score": 0.7695270523364144}}, "fold_2": {"train score": {"mae_score": 0.4438537909203237}, "valid score": {"mae_score": 0.7828879922093879}}, "fold_3": {"train score": {"mae_score": 0.4785929383503737}, "valid score": {"mae_score": 0.8371619792195629}}, "fold_4": {"train score": {"mae_score": 0.446347652700301}, "valid score": {"mae_score": 0.7300752320046057}}, "fold_5": {"train score": {"mae_score": 0.433804574668847}, "valid score": {"mae_score": 0.7122637896946771}}, "fold_6": {"train score": {"mae_score": 0.4658482479079757}, "valid score": {"mae_score": 0.7624209521034307}}, "fold_7": {"train score": {"mae_score": 0.4325327132493072}, "valid score": {"mae_score": 0.7806998031041197}}, "fold_8": {"train score": {"mae_score": 0.4338673910203755}, "valid score": {"mae_score": 0.680842856382474}}, "fold_9": {"train score": {"mae_score": 0.49235726927900364}, "valid score": {"mae_score": 0.7648259709381839}}}, "scaffold_100": {"fold_0": {"train score": {"mae_score": 0.5875475782625609}, "valid score": {"mae_score": 0.7902391163243491}}, "fold_1": {"train score": {"mae_score": 0.9645522301435159}, "valid score": {"mae_score": 0.7850075692580065}}, "fold_2": {"train score": {"mae_score": 0.6068396697627877}, "valid score": {"mae_score": 0.6576227580215285}}, "fold_3": {"train score": {"mae_score": 0.577895047296882}, "valid score": {"mae_score": 1.2584060803168637}}, "fold_4": {"train score": {"mae_score": 0.5896637974964583}, "valid score": {"mae_score": 0.7456534983304984}}, "fold_5": {"train score": {"mae_score": 0.5827704772656421}, "valid score": {"mae_score": 1.0042249998627464}}, "fold_6": {"train score": {"mae_score": 0.5799447960797673}, "valid score": {"mae_score": 1.3346885600835947}}, "fold_7": {"train score": {"mae_score": 0.9821359908879793}, "valid score": {"mae_score": 0.8787864970773148}}, "fold_8": {"train score": {"mae_score": 0.5933676539538617}, "valid score": {"mae_score": 1.9058666991136655}}, "fold_9": {"train score": {"mae_score": 0.5980329054110197}, "valid score": {"mae_score": 0.9516243160018864}}}, "scaffold_200": {"fold_0": {"train score": {"mae_score": 0.5386201783316326}, "valid score": {"mae_score": 0.9815594788241666}}, "fold_1": {"train score": {"mae_score": 0.5418134688844631}, "valid score": {"mae_score": 0.5912694023751104}}, "fold_2": {"train score": {"mae_score": 0.4531387116512441}, "valid score": {"mae_score": 1.3169958291909905}}, "fold_3": {"train score": {"mae_score": 0.41283202336402874}, "valid score": {"mae_score": 0.9925239624934156}}, "fold_4": {"train score": {"mae_score": 0.48004196778664293}, "valid score": {"mae_score": 0.7141087602209835}}, "fold_5": {"train score": {"mae_score": 0.4357217677697331}, "valid score": {"mae_score": 0.9871233645721131}}, "fold_6": {"train score": {"mae_score": 0.5642008759219158}, "valid score": {"mae_score": 0.8779006385869943}}, "fold_7": {"train score": {"mae_score": 0.47727211645782686}, "valid score": {"mae_score": 1.0304337444064735}}, "fold_8": {"train score": {"mae_score": 0.6108281203989168}, "valid score": {"mae_score": 1.2370087328985924}}, "fold_9": {"train score": {"mae_score": 0.5066384067425896}, "valid score": {"mae_score": 0.7292042574649338}}}, "scaffold_400": {"fold_0": {"train score": {"mae_score": 0.43224393497128866}, "valid score": {"mae_score": 0.8138455842448055}}, "fold_1": {"train score": {"mae_score": 0.5093679844826242}, "valid score": {"mae_score": 0.7548476122027682}}, "fold_2": {"train score": {"mae_score": 0.396144894644404}, "valid score": {"mae_score": 0.7960587004863312}}, "fold_3": {"train score": {"mae_score": 0.4103105472451677}, "valid score": {"mae_score": 0.8404965167664227}}, "fold_4": {"train score": {"mae_score": 0.3894786125118469}, "valid score": {"mae_score": 0.9216152531825983}}, "fold_5": {"train score": {"mae_score": 0.4340739143277282}, "valid score": {"mae_score": 0.7054074520952696}}, "fold_6": {"train score": {"mae_score": 0.39447221133659666}, "valid score": {"mae_score": 1.0633530882253233}}, "fold_7": {"train score": {"mae_score": 0.4213376721634227}, "valid score": {"mae_score": 0.8820839196431208}}, "fold_8": {"train score": {"mae_score": 0.42393716365498096}, "valid score": {"mae_score": 0.9608010665039828}}, "fold_9": {"train score": {"mae_score": 0.566097500346782}, "valid score": {"mae_score": 0.7341008298012539}}}}, "Weave": {"scaffold_800": {"fold_0": {"train score": {"mae_score": 0.5346475272839435}, "valid score": {"mae_score": 0.6052653599015582}}, "fold_1": {"train score": {"mae_score": 0.5837114714312764}, "valid score": {"mae_score": 0.7188709210791564}}, "fold_2": {"train score": {"mae_score": 0.5227629524660298}, "valid score": {"mae_score": 0.566806449841516}}, "fold_3": {"train score": {"mae_score": 0.5275669126744098}, "valid score": {"mae_score": 0.6458011504138884}}, "fold_4": {"train score": {"mae_score": 0.4887950684279109}, "valid score": {"mae_score": 0.6354482352992428}}, "fold_5": {"train score": {"mae_score": 0.5744807490566097}, "valid score": {"mae_score": 0.6386742492447782}}, "fold_6": {"train score": {"mae_score": 0.6065901122392835}, "valid score": {"mae_score": 0.7802493271782464}}, "fold_7": {"train score": {"mae_score": 0.5103745244990505}, "valid score": {"mae_score": 0.6260322922718109}}, "fold_8": {"train score": {"mae_score": 0.7104374437714651}, "valid score": {"mae_score": 0.7684425743765331}}, "fold_9": {"train score": {"mae_score": 0.46314080719489154}, "valid score": {"mae_score": 0.6453408442937058}}}, "scaffold_100": {"fold_0": {"train score": {"mae_score": 1.0852590808291942}, "valid score": {"mae_score": 1.4198808494365607}}, "fold_1": {"train score": {"mae_score": 1.0785862029545463}, "valid score": {"mae_score": 1.1878844785084888}}, "fold_2": {"train score": {"mae_score": 0.9588500698241207}, "valid score": {"mae_score": 1.4279868074586437}}, "fold_3": {"train score": {"mae_score": 1.0459295086969904}, "valid score": {"mae_score": 1.2075554435419922}}, "fold_4": {"train score": {"mae_score": 0.869662189318846}, "valid score": {"mae_score": 1.4392031121429185}}, "fold_5": {"train score": {"mae_score": 1.0778102251212252}, "valid score": {"mae_score": 1.0439964952809906}}, "fold_6": {"train score": {"mae_score": 0.9090272470971623}, "valid score": {"mae_score": 1.3042860018397877}}, "fold_7": {"train score": {"mae_score": 0.7869886045849591}, "valid score": {"mae_score": 1.3864805122022439}}, "fold_8": {"train score": {"mae_score": 0.7958702399810038}, "valid score": {"mae_score": 0.7806511969881675}}, "fold_9": {"train score": {"mae_score": 1.197096504105651}, "valid score": {"mae_score": 1.4878080049302191}}}, "scaffold_200": {"fold_0": {"train score": {"mae_score": 0.6310012807305679}, "valid score": {"mae_score": 1.1553124483455126}}, "fold_1": {"train score": {"mae_score": 0.6709399198531766}, "valid score": {"mae_score": 1.144581252822746}}, "fold_2": {"train score": {"mae_score": 0.6416820707395446}, "valid score": {"mae_score": 0.6259123197596923}}, "fold_3": {"train score": {"mae_score": 0.7447811498663168}, "valid score": {"mae_score": 0.9438610819421565}}, "fold_4": {"train score": {"mae_score": 0.6081058451247409}, "valid score": {"mae_score": 0.8006753797246142}}, "fold_5": {"train score": {"mae_score": 0.535982764834677}, "valid score": {"mae_score": 0.7018134070657678}}, "fold_6": {"train score": {"mae_score": 0.661413104878732}, "valid score": {"mae_score": 0.6829174569437884}}, "fold_7": {"train score": {"mae_score": 0.7917722628176004}, "valid score": {"mae_score": 1.0273302671821678}}, "fold_8": {"train score": {"mae_score": 0.6048209314575654}, "valid score": {"mae_score": 0.9935794370102038}}, "fold_9": {"train score": {"mae_score": 0.6673701737257965}, "valid score": {"mae_score": 1.1878236223664538}}},