,lasso,SVR,RandomForest,XGBoost
MAE,{1.616114475},{1.0707623695909858},{0.6451861855830953},{0.675384032312131}
Var_of_y_pred,{0.0},{1.2766069772066302},{3.6432137878924915},{3.4520779}
