,lasso,SVR,RandomForest,XGBoost
MAE,{0.492707174260807},{1.1086983047250505},{0.38903519019221505},{0.4084977193832397}
Var_of_y_pred,{1.4488015275617843},{0.2689532356284955},{2.8724072744293014},{3.2584171}
