{"Random": {"ECFP": {"scaffold_800": {"valid_mae": [0.8683103127934032, 1.1097863855475054, 0.9537531403810497, 0.9394352533362316, 0.831919985391238, 1.0088234377137058, 0.7879261514275904, 1.0525992443806973, 1.1269478236183716, 1.0648125234784622]}, "scaffold_100": {"valid_mae": [0.8586733824240568, 1.193959888644375, 1.0263941429868237, 1.3609413442346954, 1.477868347376131, 1.2556692018363855, 1.3398177526648385, 1.31317104491248, 1.0125761073205708, 0.9938113358859042]}, "scaffold_200": {"valid_mae": [1.3419581537906127, 1.1239195788194016, 1.7347281233603336, 1.2865331680527203, 1.2585734320375315, 1.3958184504573106, 0.9648449576852725, 1.4609771160875682, 1.1050881544366729, 1.257602865441351]}, "scaffold_400": {"valid_mae": [0.796546470849183, 0.7964205508646609, 0.9698931945598996, 1.0893175527118923, 0.8564452985782314, 1.3066614857667849, 1.0000243632032801, 0.835760376119911, 1.2752390402601037, 1.189744538370977]}}, "Weave": {"scaffold_800": {"valid_mae": [0.9047353849951749, 1.0706132850548884, 1.1397475247785662, 0.9967954839013305, 0.777011269005029, 0.8404855497085757, 1.1421315531921457, 0.8461674518002884, 0.8462632675013062, 0.8471058394654893]}, "scaffold_100": {"valid_mae": [1.4859805031196889, 1.7615840581527842, 1.0457802905437201, 0.8241327016322048, 1.6391825846740093, 1.4750368467746617, 1.458546256191306, 1.227284188202407, 1.2030231057746128, 1.2685522290919962]}, "scaffold_200": {"valid_mae": [1.1355527886674384, 1.156089033614099, 1.4917854171168705, 1.0101115983910736, 0.9336878669034816, 0.9618377010401723, 1.1359228346786134, 1.2142293325254079, 1.5426469864001775, 1.414658748504699]}, "scaffold_400": {"valid_mae": [0.9231436219811551, 0.7787543432709121, 1.3021126680507984, 1.0837925807432458, 1.4595447753798667, 1.2257487344771902, 1.273282251468501, 1.0054002468003276, 0.8783602417463714, 1.1581230784151235]}}, "GraphConv": {"scaffold_800": {"valid_mae": [0.7118406256829818, 0.8170778940522438, 0.8761582248397133, 0.6058764550352713, 0.6380552405519607, 0.938084393982838, 0.8945448304183641, 0.6870549754119274, 0.8424030902516233, 0.7912128463592383]}, "scaffold_100": {"valid_mae": [0.7730258310742888, 1.4758474438950555, 1.1471090767119851, 0.7843827583577463, 1.3996057756364295, 1.1215393820505062, 1.381962770310059, 1.2076221437084125, 1.7743974267432356, 2.3360328994402875]}, "scaffold_200": {"valid_mae": [1.3224173740279488, 0.7663541016689619, 0.9274088557132512, 0.9306130768356912, 1.8176346271927961, 0.683670202677593, 1.1265687280933345, 1.0257617581510265, 1.0854904388616273, 0.9784903031906719]}, "scaffold_400": {"valid_mae": [1.0880641715053696, 1.099591714294354, 0.8994601487109252, 1.0609987917609804, 0.8250686526327365, 0.9523236224584419, 0.9593340557043593, 0.8795722632864589, 1.0674542556654836, 1.0242096967344523]}}}}