{"Random": {"ECFP": {"scaffold_800": {"valid_mae": [0.6356516278122446, 0.7695270523364144, 0.7828879922093879, 0.8371619792195629, 0.7300752320046057, 0.7122637896946771, 0.7624209521034307, 0.7806998031041197, 0.680842856382474, 0.7648259709381839]}, "scaffold_100": {"valid_mae": [0.7902391163243491, 0.7850075692580065, 0.6576227580215285, 1.2584060803168637, 0.7456534983304984, 1.0042249998627464, 1.3346885600835947, 0.8787864970773148, 1.9058666991136655, 0.9516243160018864]}, "scaffold_200": {"valid_mae": [0.9815594788241666, 0.5912694023751104, 1.3169958291909905, 0.9925239624934156, 0.7141087602209835, 0.9871233645721131, 0.8779006385869943, 1.0304337444064735, 1.2370087328985924, 0.7292042574649338]}, "scaffold_400": {"valid_mae": [0.8138455842448055, 0.7548476122027682, 0.7960587004863312, 0.8404965167664227, 0.9216152531825983, 0.7054074520952696, 1.0633530882253233, 0.8820839196431208, 0.9608010665039828, 0.7341008298012539]}}, "Weave": {"scaffold_800": {"valid_mae": [0.6052653599015582, 0.7188709210791564, 0.566806449841516, 0.6458011504138884, 0.6354482352992428, 0.6386742492447782, 0.7802493271782464, 0.6260322922718109, 0.7684425743765331, 0.6453408442937058]}, "scaffold_100": {"valid_mae": [1.4198808494365607, 1.1878844785084888, 1.4279868074586437, 1.2075554435419922, 1.4392031121429185, 1.0439964952809906, 1.3042860018397877, 1.3864805122022439, 0.7806511969881675, 1.4878080049302191]}, "scaffold_200": {"valid_mae": [1.1553124483455126, 1.144581252822746, 0.6259123197596923, 0.9438610819421565, 0.8006753797246142, 0.7018134070657678, 0.6829174569437884, 1.0273302671821678, 0.9935794370102038, 1.1878236223664538]}, "scaffold_400": {"valid_mae": [0.6730241528194579, 0.7421145636313906, 0.767565244143019, 1.0035133988851865, 1.042100338152329, 0.6417044544098512, 0.632507498851897, 1.0868815667135396, 1.0090302208183206, 0.7493337340055982]}}, "GraphConv": {"scaffold_800": {"valid_mae": [0.6449654595095163, 0.7187847206587782, 0.6406765585182128, 0.5850882483716392, 0.551222258671028, 0.7275297538219689, 0.7728990783352564, 0.5614217392908587, 0.5679973936174492, 0.7505862676157753]}, "scaffold_100": {"valid_mae": [1.2284829452073625, 0.9113842676967518, 1.7352574639679794, 0.7402525015630796, 1.5463413799149641, 1.4238764523532184, 1.2626571479507913, 0.9904269471539473, 1.1222820840515078, 0.7223710718245973]}, "scaffold_200": {"valid_mae": [1.0642683891278206, 1.0454304822164424, 1.0223898321514158, 0.9410524946433811, 0.9796942751406869, 0.8530092308607765, 1.1636556757057634, 0.9371689159417074, 1.0599764099743505, 1.1596705262787477]}, "scaffold_400": {"valid_mae": [0.7484496334841149, 0.6899317482561198, 0.7477585027281649, 0.7119834823483185, 0.7919996717299611, 0.7162510073966523, 0.7158008449363518, 0.7993511384191214, 0.7652442513913317, 0.6800573842842584]}}}}