{"random": {"GraphConv": {"train_score": {"mae_score": 0.30253085653089645}, "valid_score": {"Scaffold": {"Scaffold_6": {"results": {"mae_score": 0.361843814176171, "logP_true": [4.44, 3.91, 3.91, 3.18, 2.98, 3.71], "logP_pred": [4.5569022166974245, 4.043817446366655, 3.9898498351755154, 3.2969302874754987, 2.2163683860975754, 2.7500685145604917], "logP_mean": 3.688333333333334, "logP_std": 0.48714873384715784}, "smiles": ["CCc1ccc2ccccc2c1", "Cc1cccc2ccccc12", "Cc1ccc2ccccc2c1", "O=[N+]([O-])c1ccc2ccccc2c1", "COc1ccc2cc(C(C)C(=O)OCC(C)O)ccc2c1", "COc1ccc2cc(C(C)C(=O)OCC(C)=O)ccc2c1"]}, "Scaffold_3": {"results": {"mae_score": 0.6835770850802153, "logP_true": [-1.1400000000000001, -1.2600000000000002, -1.12, 0.22999999999999998, 0.72, -0.10999999999999988, 0.6299999999999999], "logP_pred": [-0.5847580299597976, 0.054038469173094406, -0.05203273345132864, -0.15085649946678892, 1.4305009431016638, -0.1533683183125456, 1.3430661289185395], "logP_mean": -0.29285714285714287, "logP_std": 0.8037006245347524}, "smiles": ["Oc1ncc2nccnc2n1", "c1cnc2ncncc2n1", "Sc1ncnc2nccnc12", "CSc1cnc2cncnc2n1", "CCc1nc2cncnc2nc1CC", "CN(C)c1cnc2cncnc2n1", "CCc1nc2ncnc(N)c2nc1CC"]}}, "Butina": {"Scaffold_16": {"results": {"mae_score": 0.1143065776679451, "logP_true": [2.39, 2.41, 1.98, 1.19, 2.8], "logP_pred": [2.198224850869775, 2.337449309849311, 1.837616005885135, 1.2371985308253475, 2.6823754758814013], "logP_mean": 2.154, "logP_std": 0.5473792104199793}, "smiles": ["C=CCCC=C", "C=CCC=C", "C=CC(=C)C", "C=CCN(CC=C)C(=O)C(Cl)Cl", "C=CCSS(=O)CC=C"]}, "Scaffold_11": {"results": {"mae_score": 0.12634889480805134, "logP_true": [2.7, 2.46, 2.91, 1.14, 2.73, 2.17, 1.76], "logP_pred": [2.5613124304997887, 2.355078611544703, 2.9999114566643827, 1.0075272130796709, 2.417054011335509, 2.0648546979778004, 1.7596422285705513], "logP_mean": 2.2671428571428573, "logP_std": 0.5842141066843386}, "smiles": ["CCCC(C)Cl", "CC(C)C", "CC(Cl)C(C)(C)Cl", "CCOC(C)OCC", "CCC(C)(C)Cl", "ClC(Cl)C(Cl)Cl", "ClC(Cl)Cl"]}, "Scaffold_5": {"results": {"mae_score": 0.28297711460476516, "logP_true": [2.24, 1.07, 1.71, 2.12, 1.18, 1.86, 1.75, 4.06, 2.93, 2.56, 1.57], "logP_pred": [2.1258616870135656, 2.183170065190966, 2.0116098705849894, 2.194864915321733, 1.5356513175081967, 2.3245459801985358, 1.7670212647286676, 4.174426742703959, 2.694594143825467, 2.776034082467965, 1.6758798527864365], "logP_mean": 2.0954545454545457, "logP_std": 0.8136490603377046}, "smiles": ["CC(=O)OCCC(C)C", "CC(=O)OC1CCCCC1", "CC(=O)C(C)(C)C", "CC(C)CCOC=O", "CC(C)COC=O", "CCCOC(C)C", "CC(C)CCCO", "CCSC(=O)N(CC(C)C)CC(C)C", "CCOC(=O)CC(SP(=S)(OC)OC)C(=O)OCC", "CC(C)CBr", "CCC(C)C(C)O"]}, "Scaffold_13": {"results": {"mae_score": 0.29166015628373, "logP_true": [1.65, 2.4, 1.49, 3.67, 0.6600000000000001], "logP_pred": [2.0075783595599157, 2.4936769589437406, 1.9130910198647908, 3.9426776020113232, 0.3487231589611208], "logP_mean": 1.9740000000000002, "logP_std": 1.0122963992823444}, "smiles": ["CCc1ccc(C)cc1", "Cc1cncc(C)c1", "Cc1ccc(C)c(O)c1", "Cc1ccc(CO)cc1", "Cc1ccc2[nH]c(=O)c(=O)[nH]c2c1"]}, "Scaffold_15": {"results": {"mae_score": 0.4858288068954309, "logP_true": [1.23, 0.94, 1.69, 1.76, 1.79], "logP_pred": [1.096512714760762, 1.9189354037641224, 1.7981121189990241, 0.8974302438549391, 1.4439605296702913], "logP_mean": 1.482, "logP_std": 0.3384316770043845}, "smiles": ["CCn1cc(C(=O)O)c(=O)c2cc3c(cc21)OCO3", "CC1CN(c2c(F)c(N)c3c(=O)c(C(=O)O)cn(C4CC4)c3c2F)CC(C)N1", "CCC1C(N)CN1c1cc2c(cc1F)c(=O)c(C(=O)O)cn2C1CC1", "CC1C(N)CN1c1c(F)c(N)c2c(=O)c(C(=O)O)cn(C3CC3)c2c1F", "CNC1CN(c2c(F)cc3c(=O)c(C(=O)O)cn(C4CC4)c3c2F)C1C"]}, "Scaffold_9": {"results": {"mae_score": 0.7739851419668953, "logP_true": [-1.1400000000000001, -1.2600000000000002, -0.3700000000000001, -1.12, 0.22999999999999998, 0.72, -0.10999999999999988, -1.27], "logP_pred": [-0.5847580299597976, 0.054038469173094406, -1.7564810954998644, -0.05203273345132864, -0.15085649946678892, 1.4305009431016638, -0.1533683183125456, -0.5365734264076694], "logP_mean": -0.54, "logP_std": 0.7195484695279396}, "smiles": ["c1cnc2ncncc2n1", "Oc1ncc2nccnc2n1", "NC(=O)c1cnccn1", "Sc1ncnc2nccnc12", "CSc1cnc2cncnc2n1", "CCc1nc2cncnc2nc1CC", "CN(C)c1cnc2cncnc2n1", "Cc1nc2cncnc2n(C)c1=O"]}}, "MolecularWeight": {}}}, "Weave": {"train_score": {"mae_score": 0.5880548279287461}, "valid_score": {"Scaffold": {"Scaffold_3": {"results": {"mae_score": 0.2310601936602192, "logP_true": [3.0, 3.91, 3.18, 3.64, 0.41999999999999993, 2.79, 2.01], "logP_pred": [3.063572621334934, 4.080137058835522, 3.0796492402111495, 3.6651824981484413, 0.9665271096381625, 2.2374833024804905, 1.850865389643885], "logP_mean": 2.7071428571428577, "logP_std": 1.0922024182581633}, "smiles": ["COc1ccc2cc(C(C)C(=O)O)ccc2c1", "Cc1ccc2ccccc2c1", "O=[N+]([O-])c1cccc2ccccc12", "Cc1ccc2ccccc2c1[N+](=O)[O-]", "Nc1ccc2c(S(=O)(=O)O)cccc2c1", "O=C(CS)Nc1ccc2ccccc2c1", "COc1ccc2cc(C(C)C(=O)OCC(O)CO)ccc2c1"]}}, "Butina": {"Scaffold_14": {"results": {"mae_score": 0.3619816665964099, "logP_true": [1.61, 1.65, 1.96, -0.009999999999999787, 0.18999999999999995, 1.96], "logP_pred": [2.0784236315613764, 2.0734801541980814, 2.351392588517093, 0.48188110826501074, 0.19531992851980506, 2.351392588517093], "logP_mean": 1.2266666666666668, "logP_std": 0.8170815272800029}, "smiles": ["C=CCCl", "ClCCBr", "ClCC(Cl)CCl", "C=CC=O", "C=CC#N", "ClCC(Cl)CCl"]}, "Scaffold_2": {"results": {"mae_score": 0.5671248708288492, "logP_true": [3.12, 5.03, 3.09, 3.25, 1.44, 1.22, 0.69, 3.35, 3.9, 3.23, 3.63, 3.12, 2.56, 1.75, 2.63, 3.76, 4.19, 3.0, 3.76, 1.76, 4.16], "logP_pred": [3.176597827398355, 4.776741200957696, 2.7201424233297025, 3.8088124602027253, 1.7885920069338546, 1.4810624417388933, 0.857070133411205, 3.890459781454494, 4.017798435272467, 7.158581446879136, 3.3264210986878036, 3.176597827398355, 2.7361075273008897, 1.6625339519809386, 2.2415651804723034, 3.4729411811062016, 4.483369765804688, 3.293862576848399, 4.527411913398689, 1.4789304991667505, 1.7874263209349213], "logP_mean": 2.982857142857142, "logP_std": 1.0664142983767204}, "smiles": ["CCCCCCCCO", "C#CCCCCC", "C=CCCCCCCC", "CCCCCCl", "CCCN(CCC)CCC", "CCCCC=O", "CCC(C)CO", "CC(C)CO", "CCCCCCCC(C)O", "CCCCN(CC)C(=O)SCCC", "CCCCSP(=O)(SCCCC)SCCCC", "CCCCCCCl", "C#CCCCCC", "CCCI", "CC(C)CCCO", "CCCCC(C)C(C)O", "CCCC(C)C", "C#CCCCCCCC", "CCCCOP(=O)(CCCC)CCCC", "CCCCCC1(CCO)C(=O)NC(=S)NC1=O", "CCCCCCCCCCNC(=O)OCC1OC(O)C(O)C(O)C1O"]}, "Scaffold_6": {"results": {"mae_score": 0.5753891039498293, "logP_true": [2.09, 0.03390000000000004, -0.3999999999999999, -0.43000000000000016, 1.04, 0.41999999999999993, 0.76, 1.5, 0.75, 1.75, 1.57], "logP_pred": [1.7932092800320252, 1.3306718962899047, -0.5509195287210389, 1.5317444524370585, 1.2604964623816777, 0.9665271096381625, 1.257638715319633, 1.5717546411767884, 1.7902329132372077, 1.7767979928785027, 1.789605711400173], "logP_mean": 0.8258090909090909, "logP_std": 0.8195387843221726}, "smiles": ["NS(=O)(=O)c1ccc(NO)cc1", "CC1Cc2ccccc2N1NC(=O)c1ccc(Cl)c(S(N)(=O)=O)c1", "Nc1ccc(S(=O)(=O)Nc2ccccn2)cc1", "Cc1cc(NS(=O)(=O)c2ccc(N)cc2)nc(C)n1", "CCc1nnc(NS(=O)(=O)c2ccc(N)cc2)s1", "Nc1ccc2c(S(=O)(=O)O)cccc2c1", "NS(=O)(=O)c1ccc(S(=O)(=O)c2ccc(O)cc2)s1", "Cc1ccc(S(=O)(=O)c2ccc(S(N)(=O)=O)s2)cc1", "NS(=O)(=O)c1ccc(S(=O)(=O)c2ccc(CNCc3ccccn3)cc2)s1", "CCC(C)NCc1cccc(S(=O)(=O)c2ccc(S(N)(=O)=O)s2)c1", "CC(C)(C)NCc1cccc(S(=O)(=O)c2ccc(S(N)(=O)=O)s2)c1"]}, "Scaffold_8": {"results": {"mae_score": 0.77917900630814, "logP_true": [3.45, 3.87, 3.68, 3.64, 1.66, 3.46, 3.15, 3.68, 3.65], "logP_pred": [3.519725297960573, 4.204588187096036, 4.386734717754889, 3.390838533067697, 2.0589933486465712, 2.1669170412652226, 4.978772352820318, 4.386734717754889, 5.074818009072904], "logP_mean": 3.36, "logP_std": 0.6306610288683877},