{"Random": {"ECFP": {"scaffold_800": {"valid_mae": [0.830026103018346, 0.8202812969594893, 0.968018839005941, 0.7177989713824985, 0.7439868843497637, 0.8517198327464826, 0.87142881747759, 0.79837870717989, 0.8888992527297926, 0.7100818951559461]}, "scaffold_100": {"valid_mae": [1.6854819654387527, 1.4784532486187427, 1.8069710590571486, 0.6949908333482078, 0.8905303100077144, 0.8715541952859794, 1.2610153364660632, 0.9774427988164385, 1.5555611116344366, 1.3651623030176936]}, "scaffold_200": {"valid_mae": [1.0723275716618552, 0.8834713913753702, 0.8454251130311092, 0.933352172133646, 1.1067375509005717, 0.7828434984566517, 0.7659855688340065, 1.04590947819212, 0.8419455564847148, 0.8099256594851797]}, "scaffold_400": {"valid_mae": [0.8557870405199963, 0.9265075716731598, 0.9343104948897967, 0.781735061645772, 0.6860910449204086, 0.6210316248469037, 0.7656212280536525, 0.8261395436897739, 0.878018641092393, 0.9830932692483032]}}, "Weave": {"scaffold_800": {"valid_mae": [0.654758375619236, 0.7059524462375514, 0.6436893633762496, 0.6958474380820846, 0.7386693342935609, 0.6444351640029107, 0.7279868212596664, 0.5948072522372806, 0.6580427299116858, 0.734125026984463]}, "scaffold_100": {"valid_mae": [1.4284344504294153, 0.9029886618103516, 1.7260716795863673, 0.7641856784386631, 1.476337489127226, 0.4573969820612357, 0.928543504226359, 0.7788280368464653, 0.9857458209969078, 1.829233844020314]}, "scaffold_200": {"valid_mae": [0.8158907741515566, 0.9595741240674311, 0.9156975932452062, 0.8284203372776432, 1.3004418982840387, 0.7873405784732275, 0.9050343013450475, 0.7696820953857623, 0.7665764686958096, 0.6659001638964792]}, "scaffold_400": {"valid_mae": [0.8919815131190919, 0.8271484553614847, 1.0408323852338421, 0.8561965865694532, 0.7274362729722397, 0.756201646174431, 0.873836714396619, 0.8001964528174179, 0.7290434855512906, 0.44669021309307644]}}, "GraphConv": {"scaffold_800": {"valid_mae": [0.7449946961998498, 0.6840704091488368, 0.6923068466098559, 0.689963316293737, 0.6270691460887546, 0.6491463034056197, 0.5102578402294836, 0.5675688762322416, 0.6844416852329249, 0.7220450350602674]}, "scaffold_100": {"valid_mae": [0.8663049316667463, 1.464202043583174, 0.9259388181113456, 1.403006429878064, 1.36980896764296, 1.3150622368093656, 1.705918875851614, 0.883908320682836, 1.1719547650649127, 1.4240145183211643]}, "scaffold_200": {"valid_mae": [0.9389716161348355, 1.027429494615933, 0.9858499115881205, 0.7819044937865441, 0.859577621655907, 1.029092932506717, 0.9957125763624349, 0.8323005327922759, 1.0596651049359078, 1.1139172538675386]}, "scaffold_400": {"valid_mae": [1.0363705372836969, 0.8364030892111558, 0.7936930122793833, 0.8152010874280894, 0.6498849563594682, 1.0092331855227783, 0.8029994280146717, 0.7155545049773443, 0.9847771110778186, 0.6919892806101358]}}}}